Subject,Scan,Mean_Relative_RMS_Displacement,Max_Relative_RMS_Displacement,Movements_gt_threshold,Mean_Relative_Mean_Rotation,Mean_Relative_Maxdisp,Max_Relative_Maxdisp,Max_Abs_Maxdisp,Max_Relative_Roll,Max_Relative_Pitch,Max_Relative_Yaw,Max_Relative_dS-I,Max_Relative_dL-R,Max_Relative_dP-A,Mean_Relative_Roll,Mean_Relative_Pitch,Mean_Relative_Yaw,Mean_Relative_dS-I,Mean_Relative_dL-R,Mean_Relative_dP-A,Max_Abs_Roll,Max_Abs_Pitch,Max_Abs_Yaw,Max_Abs_dS-I,Max_Abs_dL-R,Max_Abs_dP-A,Mean_Abs_Roll,Mean_Abs_Pitch,Mean_Abs_Yaw,Mean_Abs_dS-I,Mean_Abs_dL-R,Mean_Abs_dP-A,MeanFD,NumFD_greater_than_0.20,rootMeanSquareFD,FDquartile(top1/4thFD),PercentFD_greater_than_0.20,MeanDVARS
0112828,RfMRI_mx_645_rest_RPI,0.081,0.293,297.000,0.005,-0.000,0.356,1.368,0.035600,0.097300,0.044300,0.334400,0.052300,0.193200,0.000049,-0.000997,-0.000040,-0.000124,0.000129,-0.000303,0.100700,0.593600,0.181700,0.507200,0.130600,0.262200,0.014411,0.207728,0.037274,0.135344,0.020819,0.078502,0.2217,477.0000,0.4708,0.3620,52.9412,31.0194,
0123173,RfMRI_mx_645_rest_RPI,0.039,0.117,6.000,0.011,-0.000,0.185,0.483,0.045300,0.109700,0.028000,0.124300,0.031500,0.111300,-0.000116,0.000285,-0.000050,0.000114,-0.000005,-0.000002,0.092400,0.217300,0.053300,0.176800,0.038000,0.135200,0.048119,0.049212,0.017974,0.060612,0.015745,0.036297,0.1372,129.0000,0.3704,0.2090,14.3174,28.2050,
0192197,RfMRI_mx_645_rest_RPI,0.020,0.268,11.000,0.009,0.000,0.708,1.104,0.126400,0.487700,0.204700,0.281800,0.192400,0.213000,0.000112,0.000413,-0.000123,-0.000618,-0.000216,-0.000066,0.221700,0.451700,0.167500,0.581000,0.177200,0.280100,0.043336,0.131827,0.060882,0.156591,0.100950,0.057145,0.1182,67.0000,0.3438,0.2039,7.4362,29.4441,
0180308,RfMRI_mx_645_rest_RPI,0.030,0.236,5.000,0.007,-0.000,0.156,0.827,0.066600,0.052500,0.060900,0.316400,0.063600,0.180900,-0.000570,0.000153,0.000028,-0.000552,0.000068,-0.000216,0.366300,0.263800,0.141600,0.444000,0.205400,0.310600,0.103617,0.093866,0.029192,0.142769,0.064836,0.081528,0.1427,187.0000,0.3778,0.2279,20.7547,32.4590,
0109727,RfMRI_mx_645_rest_RPI,0.025,0.207,7.000,0.005,0.000,0.381,2.656,0.035400,0.170200,0.052100,0.079900,0.028400,0.288200,0.000167,0.002369,0.000185,-0.000734,0.000262,-0.000285,0.179400,1.153200,0.164800,0.384800,0.169400,0.377500,0.043553,0.567267,0.037533,0.143000,0.062438,0.100723,0.0988,27.0000,0.3143,0.1757,2.9967,34.0551,
0115564,RfMRI_mx_645_rest_RPI,0.041,0.162,24.000,0.007,-0.000,0.246,1.007,0.047000,0.100700,0.042200,0.160700,0.033300,0.166100,0.000142,-0.000645,-0.000163,0.000698,0.000064,-0.000150,0.158100,0.374900,0.113000,0.437700,0.074500,0.168500,0.048083,0.190131,0.048095,0.152487,0.020275,0.052675,0.1270,120.0000,0.3564,0.2129,13.3185,28.7887,
0170363,RfMRI_mx_645_rest_RPI,0.112,0.708,383.000,0.013,-0.002,2.332,5.885,0.369600,2.470700,0.257000,0.737900,0.105000,1.388200,-0.001131,0.000705,0.000448,0.000973,0.000457,-0.001075,0.880500,2.187000,0.744400,2.480800,0.471000,1.537700,0.515399,0.785925,0.237926,0.725254,0.172255,0.507901,0.2439,450.0000,0.4938,0.4833,49.9445,38.0738,
0147122,RfMRI_mx_645_rest_RPI,0.016,0.140,4.000,0.005,-0.001,0.753,3.045,0.095700,0.717300,0.042800,0.548300,0.033200,0.194900,0.000981,-0.002143,0.000573,0.000553,0.000634,0.000364,0.557500,1.252400,0.344700,0.692000,0.326700,0.246400,0.243750,0.565373,0.139082,0.190123,0.154697,0.102085,0.0791,13.0000,0.2812,0.1501,1.4428,32.2446,
0141795,RfMRI_mx_645_rest_RPI,0.022,0.260,15.000,0.008,-0.000,0.867,2.404,0.070800,0.350700,0.167100,0.252400,0.076400,0.144900,0.000368,0.001200,0.000394,-0.001880,0.000150,-0.000161,0.288700,0.781600,0.450000,1.048900,0.155900,0.178800,0.059472,0.321578,0.144023,0.465414,0.029623,0.042717,0.0804,33.0000,0.2836,0.1556,3.6626,40.2492,
0199155,RfMRI_mx_645_rest_RPI,0.058,0.933,123.000,0.024,0.001,1.859,3.893,0.232300,0.669600,0.488500,0.977700,0.323600,0.234100,-0.000218,-0.001014,-0.002060,0.001359,-0.000987,-0.000153,0.393600,1.281100,2.215500,1.426600,0.847300,0.318400,0.059971,0.528135,0.216726,0.369213,0.156133,0.080331,0.2293,378.0000,0.4789,0.4705,41.9534,36.8292,
0178174,RfMRI_mx_645_rest_RPI,0.017,0.201,1.000,0.010,-0.000,0.227,0.685,0.035000,0.115300,0.117100,0.204200,0.050900,0.072300,0.000266,-0.000332,0.000176,-0.000131,0.000127,-0.000006,0.147000,0.368300,0.155300,0.250800,0.096200,0.081600,0.070641,0.156781,0.055729,0.061203,0.032820,0.024353,0.0836,4.0000,0.2892,0.1380,0.4440,34.1233,
0120557,RfMRI_mx_645_rest_RPI,0.156,1.440,519.000,0.012,0.000,2.496,3.501,0.132100,0.670600,0.224300,1.573200,0.208000,0.354700,-0.000244,-0.000813,0.000045,-0.001214,0.000042,-0.000598,0.200700,0.920300,0.304300,2.392300,0.173800,0.655900,0.043882,0.209003,0.045569,0.339239,0.035766,0.150057,0.2975,573.0000,0.5455,0.5563,63.5960,35.6509,
0111282,RfMRI_mx_645_rest_RPI,0.059,0.186,162.000,0.006,-0.000,0.223,0.692,0.040700,0.074000,0.038600,0.156500,0.027700,0.231500,0.000016,-0.000165,0.000100,0.000346,-0.000241,-0.000229,0.120000,0.255200,0.089000,0.257200,0.112100,0.263800,0.015648,0.076101,0.030090,0.080097,0.056393,0.086697,0.1632,333.0000,0.4040,0.2556,36.9589,30.3979,
0136303,RfMRI_mx_645_rest_RPI,0.033,0.188,30.000,0.005,-0.000,0.210,1.066,0.091600,0.093500,0.038900,0.246800,0.057900,0.148900,-0.000439,-0.000332,-0.000296,-0.000779,-0.000085,-0.000433,0.287300,0.270700,0.158800,0.560800,0.084000,0.298100,0.101571,0.086723,0.085336,0.159132,0.031353,0.097595,0.1259,90.0000,0.3548,0.2045,9.9889,33.6506,
0168013,RfMRI_mx_645_rest_RPI,0.042,0.432,52.000,0.006,-0.000,1.400,1.496,0.066300,0.730300,0.110400,0.570100,0.126000,0.319800,0.000222,0.000023,0.000028,0.000117,0.000061,-0.000558,0.118800,0.726500,0.144900,0.508400,0.151400,0.411000,0.038633,0.158548,0.035795,0.075486,0.018466,0.162510,0.1358,79.0000,0.3685,0.2442,8.7680,32.9059,
0192736,RfMRI_mx_645_rest_RPI,0.055,0.371,147.000,0.018,-0.002,1.520,3.837,0.231000,0.819400,0.127100,0.369600,0.196800,0.255400,0.000469,-0.000838,0.000385,0.000249,0.000372,-0.000425,0.544100,1.757200,0.290600,0.856500,0.330100,0.416800,0.107685,0.559658,0.056168,0.193824,0.063883,0.088889,0.1732,274.0000,0.4162,0.3295,30.4107,27.8737,
0197836,RfMRI_mx_645_rest_RPI,0.027,0.125,2.000,0.005,0.000,0.118,0.590,0.027400,0.049400,0.023400,0.125100,0.009900,0.124700,-0.000175,0.000517,-0.000104,-0.000056,-0.000058,-0.000367,0.124100,0.301100,0.118900,0.206500,0.043300,0.337200,0.039663,0.110967,0.048036,0.062169,0.016663,0.118614,0.0779,7.0000,0.2791,0.1344,0.7769,31.0254,
0194956,RfMRI_mx_645_rest_RPI,0.013,0.069,0.000,0.005,-0.000,0.127,0.645,0.015000,0.051600,0.010300,0.070500,0.019800,0.092800,0.000198,0.000494,0.000010,-0.000276,0.000002,-0.000419,0.112200,0.281100,0.023700,0.227000,0.027500,0.294800,0.041453,0.114628,0.006705,0.083128,0.009118,0.080073,0.0570,1.0000,0.2387,0.0961,0.1110,32.0029,
0123657,RfMRI_mx_645_rest_RPI,0.022,0.363,22.000,0.003,-0.000,0.505,1.456,0.035300,0.213700,0.056400,0.438400,0.060100,0.129400,-0.000075,0.000255,0.000195,-0.000320,-0.000079,-0.000484,0.052400,0.329600,0.176500,1.005000,0.088400,0.424600,0.024607,0.057907,0.045985,0.113294,0.022989,0.103924,0.0733,28.0000,0.2707,0.1387,3.1077,30.0666,
0190501,RfMRI_mx_645_rest_RPI,0.025,0.107,4.000,0.004,-0.000,0.133,1.057,0.029800,0.060200,0.028600,0.080800,0.029200,0.150000,-0.000191,-0.000536,0.000136,-0.000782,-0.000037,-0.000040,0.113200,0.410000,0.125600,0.458500,0.043900,0.151700,0.060293,0.151947,0.036052,0.153888,0.009645,0.052033,0.1089,36.0000,0.3299,0.1796,3.9956,34.4486,
0167827,RfMRI_mx_645_rest_RPI,0.045,0.117,21.000,0.003,-0.000,0.192,1.238,0.080300,0.070500,0.017000,0.131200,0.017200,0.098700,0.000410,0.001226,-0.000198,0.000190,0.000061,-0.000652,0.307800,0.632800,0.139100,0.219700,0.039500,0.407700,0.078030,0.249296,0.056869,0.058234,0.014656,0.143937,0.1178,44.0000,0.3432,0.1876,4.8835,28.6168,
0182376,RfMRI_mx_645_rest_RPI,0.052,0.304,130.000,0.009,0.003,0.379,4.570,0.037200,0.214600,0.031300,0.288400,0.036000,0.138100,-0.000290,-0.004288,-0.000109,-0.001445,-0.000041,0.000135,0.209000,2.824800,0.246300,0.884700,0.124800,0.344700,0.072842,1.048853,0.109992,0.333531,0.041597,0.098829,0.1423,164.0000,0.3773,0.2438,18.2020,33.5272,
0179309,RfMRI_mx_645_rest_RPI,0.031,0.230,17.000,0.007,0.000,0.287,1.444,0.062000,0.191300,0.040200,0.259200,0.025500,0.165900,-0.000202,0.001333,-0.000256,-0.000695,-0.000206,-0.000632,0.140500,0.656300,0.171200,0.510000,0.128800,0.449800,0.061549,0.299034,0.094924,0.154956,0.062571,0.152835,0.1159,36.0000,0.3404,0.1875,3.9956,24.1293,
0105290,RfMRI_mx_645_rest_RPI,0.023,0.154,11.000,0.006,0.000,0.239,1.126,0.060500,0.119800,0.084100,0.215300,0.138800,0.190800,0.000176,0.000576,-0.000423,-0.000298,0.000035,-0.000905,0.157000,0.406300,0.259100,0.361100,0.098300,0.453100,0.039216,0.159652,0.097100,0.090933,0.027495,0.207468,0.1102,91.0000,0.3319,0.2079,10.0999,3.6264,
0193358,RfMRI_mx_645_rest_RPI,0.019,0.097,0.000,0.003,0.001,0.259,2.052,0.025400,0.113800,0.021200,0.116300,0.019100,0.099000,-0.000201,0.001401,-0.000158,-0.000784,-0.000084,-0.000385,0.107100,0.864000,0.092400,0.529200,0.050400,0.283000,0.047611,0.302682,0.030557,0.182886,0.018117,0.074299,0.0730,3.0000,0.2701,0.1245,0.3330,30.1949,
0118051,RfMRI_mx_645_rest_RPI,0.023,0.181,4.000,0.006,0.000,0.798,1.326,0.072300,0.442700,0.052600,0.159400,0.057100,0.191300,0.000136,-0.000960,-0.000013,0.000004,0.000082,0.000114,0.160900,0.741200,0.084800,0.253500,0.081000,0.187500,0.044832,0.231798,0.040762,0.052025,0.026985,0.047348,0.0806,14.0000,0.2839,0.1313,1.5538,25.9719,
0168239,RfMRI_mx_645_rest_RPI,0.021,0.268,18.000,0.010,0.001,0.516,1.240,0.101000,0.297300,0.241900,0.268500,0.114300,0.096200,0.000161,-0.000461,0.000264,-0.000440,0.000245,0.000027,0.168500,0.470000,0.507700,0.599700,0.332500,0.266000,0.035920,0.128754,0.131179,0.216350,0.086369,0.097818,0.0871,37.0000,0.2951,0.1575,4.1065,34.4931,
0195236,RfMRI_mx_645_rest_RPI,0.070,0.261,224.000,0.006,-0.000,0.404,1.148,0.054200,0.121700,0.031700,0.294400,0.022700,0.245100,0.000061,0.000608,-0.000195,0.000042,-0.000162,-0.000219,0.109600,0.410400,0.129200,0.464500,0.128700,0.300400,0.032068,0.150919,0.047885,0.089905,0.043897,0.079359,0.1942,401.0000,0.4407,0.3126,44.5061,37.1298,
0154423,RfMRI_mx_645_rest_RPI,0.022,0.159,7.000,0.020,0.000,0.242,1.686,0.045400,0.147000,0.065200,0.136400,0.037000,0.203500,-0.000451,-0.001161,-0.000287,0.000957,-0.000125,-0.000486,0.279800,0.669700,0.214900,0.643800,0.068100,0.481400,0.131924,0.369620,0.097402,0.202331,0.025624,0.111685,0.1282,114.0000,0.3580,0.2088,12.6526,34.6885,
0131832,RfMRI_mx_645_rest_RPI,0.018,0.091,0.000,0.006,0.000,0.330,1.679,0.050100,0.182700,0.034300,0.109700,0.039900,0.077400,0.000391,-0.000935,-0.000325,-0.000104,-0.000023,0.000132,0.270200,0.878300,0.171800,0.221900,0.125700,0.179700,0.137186,0.317956,0.082526,0.060767,0.017313,0.063800,0.0632,14.0000,0.2513,0.1161,1.5538,31.6473,
0196558,RfMRI_mx_645_rest_RPI,0.082,0.182,369.000,0.004,-0.000,0.170,1.688,0.027700,0.052500,0.027800,0.143300,0.028900,0.178000,-0.000117,0.000843,0.000636,0.001550,0.000180,-0.001075,0.077000,0.533900,0.309100,0.754800,0.134700,0.635800,0.029906,0.231415,0.161755,0.345950,0.049126,0.231052,0.1660,354.0000,0.4075,0.2628,39.2897,39.3468,
0127800,RfMRI_mx_645_rest_RPI,0.035,0.143,29.000,0.004,-0.000,0.192,0.695,0.042800,0.052100,0.018900,0.148800,0.031800,0.109700,-0.000175,0.000134,-0.000031,0.000347,-0.000118,-0.000442,0.173600,0.159000,0.072300,0.316200,0.130200,0.354300,0.044126,0.037239,0.013726,0.094940,0.041041,0.109367,0.0836,30.0000,0.2891,0.1731,3.3296,31.0919,
0198985,RfMRI_mx_645_rest_RPI,0.016,0.086,0.000,0.005,0.000,0.164,1.466,0.054400,0.097500,0.049900,0.075000,0.042600,0.135400,-0.000907,-0.000478,-0.000970,0.000713,-0.000668,-0.000151,0.473100,0.290600,0.465600,0.373500,0.338900,0.209900,0.171205,0.085428,0.197587,0.135322,0.131453,0.070119,0.0953,11.0000,0.3087,0.1576,1.2209,31.3332,
0144314,RfMRI_mx_645_rest_RPI,0.031,0.196,13.000,0.006,0.001,0.713,1.940,0.111300,0.566600,0.051300,0.255200,0.058600,0.205800,-0.000054,0.000751,0.000319,-0.000626,0.000098,-0.000172,0.150700,0.858900,0.177500,0.580800,0.102300,0.185600,0.026360,0.157079,0.074790,0.167521,0.019335,0.048745,0.1059,30.0000,0.3255,0.1757,3.3296,31.9551,
0106057,RfMRI_mx_645_rest_RPI,0.072,0.347,287.000,0.012,0.001,0.636,2.174,0.119400,0.575900,0.144200,0.412700,0.110400,0.214700,0.001324,-0.001039,0.000975,0.000767,0.000580,0.000343,0.805400,0.675600,0.687200,0.671000,0.359700,0.289600,0.277753,0.228672,0.165347,0.195816,0.080393,0.101344,0.1970,408.0000,0.4438,0.3152,45.2830,37.2427,
0188854,RfMRI_mx_645_rest_RPI,0.022,0.115,2.000,0.004,0.000,0.336,0.725,0.031300,0.128900,0.039800,0.105600,0.059000,0.129700,-0.000025,0.000686,-0.000026,-0.000300,-0.000060,-0.000232,0.045500,0.385900,0.076600,0.284800,0.083900,0.251500,0.012367,0.149321,0.010469,0.082671,0.015021,0.065476,0.0675,7.0000,0.2599,0.1184,0.7769,32.1423,
0137679,RfMRI_mx_645_rest_RPI,0.017,0.138,2.000,0.004,-0.000,0.156,0.550,0.017000,0.069800,0.021100,0.057200,0.015700,0.167700,0.000173,0.000070,0.000354,-0.000268,0.000167,-0.000579,0.095000,0.151100,0.194400,0.173200,0.094300,0.350900,0.044326,0.034784,0.084189,0.057776,0.036616,0.130633,0.0614,2.0000,0.2479,0.1066,0.2220,33.8565,
0153790,RfMRI_mx_645_rest_RPI,0.025,0.298,15.000,0.004,0.000,0.323,0.566,0.064100,0.126600,0.051900,0.220800,0.059100,0.349000,0.000320,-0.000347,0.000032,0.000336,0.000146,-0.000031,0.197700,0.229000,0.113200,0.302600,0.090400,0.355900,0.084847,0.061370,0.020686,0.057654,0.020135,0.038615,0.0822,42.0000,0.2867,0.1674,4.6615,32.0415,
0197570,RfMRI_mx_645_rest_RPI,0.121,3.135,293.000,0.077,0.011,9.357,13.979,1.581600,6.007200,3.366400,3.142200,0.648600,0.623300,-0.000584,0.010155,-0.000345,0.000420,0.000232,-0.001172,1.403200,8.219400,3.459800,3.550400,0.510600,0.943300,0.445409,1.253243,0.231792,0.555123,0.078193,0.189305,0.4767,507.0000,0.6904,1.3194,56.2708,57.9104,
0179005,RfMRI_mx_645_rest_RPI,0.022,0.403,8.000,0.006,-0.000,1.429,2.073,0.055200,0.666300,0.072300,0.386100,0.048200,0.137900,0.000111,0.001310,-0.000016,-0.001023,-0.000014,-0.000516,0.100800,0.959800,0.124500,0.675300,0.070800,0.315700,0.041613,0.280162,0.038736,0.235927,0.025652,0.125902,0.0816,24.0000,0.2856,0.1527,2.6637,33.0240,
0158744,RfMRI_mx_645_rest_RPI,0.037,0.167,8.000,0.006,-0.000,0.223,0.910,0.024700,0.085800,0.034700,0.162900,0.024900,0.130100,0.000217,-0.000231,-0.000174,-0.000848,0.000034,0.000058,0.124900,0.162000,0.090000,0.742100,0.096600,0.140700,0.055857,0.032198,0.035644,0.188084,0.023810,0.024844,0.1038,16.0000,0.3222,0.1632,1.7758,33.4731,
0164326,RfMRI_mx_645_rest_RPI,0.018,0.096,0.000,0.004,0.000,0.274,0.803,0.054600,0.237100,0.034200,0.165100,0.071200,0.107000,-0.000228,0.000345,-0.000156,0.000239,-0.000349,-0.001081,0.151400,0.246200,0.097000,0.271500,0.209900,0.611500,0.045461,0.122574,0.044641,0.052923,0.083892,0.252288,0.0714,20.0000,0.2672,0.1255,2.2198,39.0007,
0162704,RfMRI_mx_645_rest_RPI,0.031,0.286,4.000,0.004,0.000,0.224,0.680,0.042000,0.127500,0.051500,0.599300,0.048700,0.150200,0.000075,-0.000147,0.000006,0.000393,0.000029,-0.000281,0.118900,0.205500,0.063300,0.482900,0.059400,0.290500,0.019791,0.056580,0.011883,0.162633,0.009276,0.070469,0.0888,11.0000,0.2980,0.1410,1.2209,41.9890,
0173085,RfMRI_mx_645_rest_RPI,0.016,0.113,1.000,0.006,-0.000,0.228,0.701,0.030400,0.074300,0.038100,0.133600,0.028100,0.086900,0.000075,0.000262,-0.000007,-0.000473,0.000052,-0.000544,0.075300,0.223100,0.083700,0.341800,0.065300,0.385300,0.027925,0.071741,0.021832,0.127902,0.023313,0.121875,0.0663,13.0000,0.2575,0.1067,1.4428,34.0057,
0118439,RfMRI_mx_645_rest_RPI,0.092,1.539,282.000,0.014,-0.000,1.772,2.939,0.123400,0.702400,0.184100,1.587300,0.302400,0.546100,-0.000426,-0.000604,0.000335,0.000704,0.000259,-0.000778,0.303900,0.826600,0.439500,1.954600,0.352700,0.686000,0.105579,0.216291,0.128176,0.503871,0.086930,0.274466,0.2331,423.0000,0.4828,0.4964,46.9478,35.0579,
0171266,RfMRI_mx_645_rest_RPI,0.086,0.565,306.000,0.015,0.001,0.923,3.629,0.139600,0.729600,0.120100,0.511900,0.134300,0.577000,0.000643,0.000177,-0.001353,0.002047,-0.000609,0.001074,0.359000,1.508600,0.764600,1.311700,0.490700,0.788000,0.178024,0.163805,0.327009,0.365651,0.182494,0.295681,0.2489,513.0000,0.4989,0.4377,56.9367,34.9054,
0188199,RfMRI_mx_645_rest_RPI,0.020,0.122,5.000,0.007,-0.000,0.383,1.564,0.159400,0.126400,0.205600,0.149200,0.158500,0.110200,-0.000683,0.000813,-0.000514,-0.000347,-0.000319,-0.000537,0.611900,0.481300,0.544100,0.338200,0.381800,0.292000,0.153587,0.215749,0.105491,0.108906,0.068737,0.124869,0.0801,14.0000,0.2829,0.1394,1.5538,32.9389,
0174886,RfMRI_mx_645_rest_RPI,0.016,0.093,0.000,0.006,0.001,0.160,1.573,0.020800,0.060500,0.017600,0.116500,0.017400,0.106500,0.000239,0.000757,-0.000018,-0.001129,0.000048,-0.000651,0.139700,0.505500,0.049500,0.763700,0.063200,0.335700,0.067359,0.155710,0.018699,0.259557,0.025921,0.138398,0.0827,1.0000,0.2876,0.1388,0.1110,35.2629,
0122169,RfMRI_mx_645_rest_RPI,0.016,0.085,0.000,0.004,-0.000,0.128,0.891,0.027200,0.041400,0.013100,0.065800,0.012800,0.103000,-0.000015,0.000409,-0.000126,-0.000569,-0.000050,-0.000098,0.059200,0.345800,0.079300,0.384200,0.039200,0.105000,0.014874,0.159362,0.040147,0.232819,0.018950,0.029484,0.0621,1.0000,0.2492,0.1021,0.1110,29.5380,
0122816,RfMRI_mx_645_rest_RPI,0.064,0.310,212.000,0.005,-0.000,0.582,1.084,0.167800,0.389300,0.186400,0.371700,0.220700,0.332700,0.000347,0.000238,-0.000181,0.000648,0.000148,-0.000450,0.286600,0.602900,0.230800,0.439700,0.150100,0.404600,0.090485,0.163639,0.058868,0.124001,0.037846,0.121801,0.1522,243.0000,0.3902,0.2753,26.9700,26.0163,
0195031,RfMRI_mx_645_rest_RPI,0.035,0.136,8.000,0.004,-0.000,0.172,0.757,0.035500,0.103500,0.028400,0.190300,0.025400,0.157700,0.000034,0.000133,-0.000296,-0.000014,-0.000007,-0.000753,0.071900,0.253400,0.194700,0.230100,0.051900,0.492400,0.010173,0.084226,0.053847,0.065602,0.014900,0.166736,0.1100,18.0000,0.3316,0.1672,1.9978,27.5966,
0116065,RfMRI_mx_645_rest_RPI,0.046,0.151,38.000,0.006,0.004,0.557,4.782,0.037300,0.291900,0.105100,0.105600,0.031500,0.159600,-0.000066,-0.003143,-0.000338,0.000376,-0.000177,-0.000283,0.144700,2.736600,0.334800,0.448100,0.121700,0.470100,0.055438,0.336465,0.045794,0.076856,0.025964,0.142144,0.1202,35.0000,0.3467,0.1858,3.8846,27.1622,
0178453,RfMRI_mx_645_rest_RPI,0.028,0.123,11.000,0.002,-0.000,0.155,1.548,0.045900,0.086200,0.073000,0.107500,0.053700,0.149100,0.000135,0.001200,0.000064,-0.000887,0.000127,-0.000515,0.155600,0.619700,0.105200,0.550500,0.115900,0.287800,0.062998,0.257563,0.024459,0.232655,0.035231,0.107261,0.1029,22.0000,0.3208,0.1696,2.4417,26.3186,
0150589,RfMRI_mx_645_rest_RPI,0.071,0.167,268.000,0.010,0.001,0.198,3.046,0.043600,0.110900,0.032800,0.155400,0.053600,0.189600,0.000273,0.003493,-0.000639,-0.000191,-0.000455,-0.001573,0.232500,1.918800,0.403000,0.308500,0.225300,0.921000,0.051203,0.758361,0.191022,0.065796,0.137990,0.362035,0.1765,379.0000,0.4201,0.2838,42.0644,26.2132,
0115321,RfMRI_mx_645_rest_RPI,0.071,0.363,230.000,0.012,0.005,0.413,5.999,0.067700,0.199400,0.075500,0.374100,0.039000,0.144300,-0.000724,-0.003392,0.000369,-0.003697,0.000491,0.001073,0.566800,2.598000,0.328700,2.740400,0.318600,0.889800,0.164721,0.725080,0.107785,0.859302,0.125483,0.270374,0.1764,277.0000,0.4200,0.2740,30.7436,31.6752,
0181439,RfMRI_mx_645_rest_RPI,0.021,0.432,21.000,0.010,-0.001,1.249,2.028,0.090700,0.483300,0.048500,0.450600,0.041500,0.234800,-0.001171,0.001110,-0.000126,-0.000012,-0.000621,-0.000458,0.601300,0.818600,0.130600,0.622700,0.319700,0.361400,0.261738,0.378623,0.041451,0.153564,0.150519,0.144861,0.1107,69.0000,0.3327,0.2243,7.6582,35.7415,
0190053,RfMRI_mx_645_rest_RPI,0.043,0.283,81.000,0.010,-0.001,0.541,3.244,0.101600,0.272500,0.095600,0.414200,0.121200,0.292700,-0.000858,0.001549,-0.001059,-0.001472,-0.001034,-0.001871,0.492900,1.157200,0.545000,0.984900,0.544900,1.126100,0.218608,0.347916,0.216116,0.348990,0.220446,0.395126,0.1557,215.0000,0.3946,0.2996,23.8624,36.8680,
0103714,RfMRI_mx_645_rest_RPI,0.070,1.199,168.000,0.020,0.002,2.710,6.170,0.568200,1.123000,0.702500,1.034600,0.591500,0.937600,-0.000305,0.001367,-0.001039,-0.001615,-0.000221,-0.001135,1.069900,2.812400,0.920800,1.880000,0.441300,1.576400,0.104592,0.459711,0.223411,0.306877,0.084467,0.260724,0.2627,435.0000,0.5125,0.5668,48.2797,46.0007,
0116039,RfMRI_mx_645_rest_RPI,0.031,0.164,1.000,0.006,0.001,0.147,2.380,0.023400,0.103100,0.023800,0.162400,0.035200,0.076400,-0.000505,0.002175,-0.000773,0.001455,-0.000666,-0.000669,0.297400,1.195300,0.487300,0.890800,0.392300,0.371900,0.108711,0.511210,0.150352,0.304578,0.122563,0.144896,0.0765,2.0000,0.2766,0.1238,0.2220,34.2287,
0179454,RfMRI_mx_645_rest_RPI,0.138,3.188,298.000,0.054,0.004,10.437,21.229,2.398000,4.442200,1.058200,5.057700,0.808100,4.702200,-0.000481,0.001502,0.000208,0.001217,0.000202,-0.001397,2.256700,7.954800,1.362100,7.796100,1.080500,6.310300,0.191580,0.833942,0.200885,0.508760,0.152159,0.401654,0.5382,516.0000,0.7336,1.5399,57.2697,52.8416,
0183726,RfMRI_mx_645_rest_RPI,0.024,0.096,0.000,0.004,-0.000,0.154,0.863,0.039500,0.091400,0.070100,0.063400,0.040600,0.129100,-0.000238,0.000727,-0.000012,0.000166,-0.000144,-0.000418,0.205300,0.454200,0.124200,0.172300,0.111000,0.333400,0.047694,0.219604,0.035782,0.042758,0.038989,0.125776,0.0624,2.0000,0.2498,0.0965,0.2220,33.8307,
0199340,RfMRI_mx_645_rest_RPI,0.070,0.681,206.000,0.012,0.000,1.955,2.516,0.187400,0.945800,0.071900,0.688000,0.106500,0.611700,-0.000206,0.000660,-0.000011,-0.000449,-0.000146,-0.000754,0.218500,0.996300,0.079000,1.017900,0.189000,0.633200,0.067848,0.129720,0.017040,0.144656,0.044081,0.175474,0.1901,323.0000,0.4360,0.3769,35.8491,39.2987,
0157947,RfMRI_mx_645_rest_RPI,0.065,0.440,163.000,0.008,-0.002,0.714,2.388,0.045500,0.187600,0.080800,0.774100,0.025000,0.225700,0.000337,0.001178,0.000031,-0.000550,-0.000015,-0.000504,0.183900,1.135700,0.131600,0.716000,0.070400,0.536700,0.091491,0.409586,0.040270,0.263963,0.013141,0.140903,0.1623,269.0000,0.4028,0.2783,29.8557,46.0418,
0185781,RfMRI_mx_645_rest_RPI,0.021,0.171,10.000,0.009,0.000,0.361,1.044,0.050600,0.145100,0.071800,0.186800,0.073600,0.244400,-0.000021,0.000082,-0.000069,-0.001178,-0.000041,-0.000252,0.099900,0.279900,0.139500,0.649200,0.113800,0.371000,0.021662,0.106435,0.041775,0.287984,0.017796,0.099783,0.1154,108.0000,0.3397,0.2160,11.9867,34.2560,
0108355,RfMRI_mx_645_rest_RPI,0.055,0.301,133.000,0.008,0.000,0.357,0.820,0.056500,0.150900,0.135400,0.337200,0.078200,0.344100,0.000099,0.000154,-0.000088,0.000040,0.000013,-0.000261,0.096600,0.234400,0.167500,0.470300,0.054200,0.292100,0.028673,0.100957,0.031061,0.106929,0.011433,0.057377,0.1511,253.0000,0.3887,0.2600,28.0799,34.2323,
0169007,RfMRI_mx_645_rest_RPI,0.039,0.131,20.000,0.023,-0.001,0.408,2.951,0.103600,0.330200,0.053500,0.160600,0.119600,0.211700,-0.000316,0.002320,-0.000004,-0.001012,0.000001,-0.000899,0.247700,1.402500,0.111800,0.711400,0.185300,0.633900,0.084912,0.564210,0.041278,0.323966,0.029815,0.188908,0.1779,333.0000,0.4218,0.2769,36.9589,28.4281,
0116842,RfMRI_mx_645_rest_RPI,0.026,0.314,28.000,0.005,-0.000,0.554,1.161,0.045500,0.134500,0.052200,0.398700,0.057900,0.157200,-0.000056,0.000097,-0.000183,0.000479,-0.000303,-0.000085,0.083100,0.309800,0.121900,0.598500,0.190100,0.321000,0.024601,0.077833,0.036516,0.158750,0.076074,0.059938,0.1015,49.0000,0.3186,0.1828,5.4384,30.7353,
0189478,RfMRI_mx_645_rest_RPI,0.058,0.193,144.000,0.007,0.000,0.153,0.641,0.033900,0.142500,0.072900,0.153800,0.030400,0.155200,0.000092,0.000248,-0.000365,0.000373,-0.000061,-0.000202,0.122400,0.236100,0.233600,0.319900,0.066300,0.192400,0.043524,0.061490,0.096610,0.094292,0.018209,0.058246,0.1549,265.0000,0.3936,0.2386,29.4118,28.5661,
0179283,RfMRI_mx_645_rest_RPI,0.026,0.126,2.000,0.005,0.001,0.252,1.297,0.199000,0.128800,0.102500,0.131600,0.117200,0.123800,0.000312,0.000489,-0.000019,-0.001177,0.000047,-0.000092,0.212100,0.386600,0.131000,0.644500,0.156500,0.128700,0.119406,0.134614,0.026972,0.323034,0.042511,0.033241,0.0835,6.0000,0.2889,0.1312,0.6659,40.7843,
0161200,RfMRI_mx_645_rest_RPI,0.019,0.164,5.000,0.010,0.000,0.953,2.973,0.066100,1.411000,0.071500,0.479300,0.036700,0.185800,-0.000042,0.000093,-0.000458,-0.000638,-0.000231,-0.000381,0.076400,1.386900,0.273100,0.516800,0.148800,0.383700,0.033634,0.183291,0.106000,0.181379,0.055424,0.078198,0.0818,23.0000,0.2860,0.1556,2.5527,37.7553,
0197456,RfMRI_mx_645_rest_RPI,0.044,0.217,86.000,0.009,0.000,0.385,0.974,0.047700,0.166400,0.133600,0.294100,0.076300,0.189400,0.000098,-0.000155,-0.000191,-0.000101,-0.000053,-0.000200,0.136500,0.402900,0.288200,0.465000,0.203500,0.303400,0.041125,0.131091,0.084901,0.101833,0.048360,0.068474,0.1373,180.0000,0.3705,0.2470,19.9778,30.8864,
0156678,RfMRI_mx_645_rest_RPI,0.031,0.348,14.000,0.011,0.000,0.273,1.482,0.086900,0.230500,0.086400,0.575700,0.075200,0.286100,0.000159,0.001490,-0.000284,0.000123,-0.000265,-0.000999,0.114500,0.720600,0.159900,0.681000,0.134000,0.588900,0.046510,0.345739,0.068354,0.175708,0.062136,0.224255,0.1089,39.0000,0.3300,0.1880,4.3285,35.3514,
0139212,RfMRI_mx_645_rest_RPI,0.027,0.127,12.000,0.008,-0.001,0.358,1.738,0.164300,0.079300,0.025000,0.083300,0.078100,0.210000,0.000739,0.000738,-0.000129,-0.000477,0.000413,-0.000170,0.647800,0.523300,0.103500,0.322200,0.344700,0.313400,0.160510,0.168878,0.041671,0.114636,0.085129,0.077054,0.1558,304.0000,0.3947,0.2585,33.7403,28.4235,
0173496,RfMRI_mx_645_rest_RPI,0.046,0.132,53.000,0.004,-0.000,0.158,0.609,0.018800,0.070500,0.033800,0.094500,0.026800,0.130200,0.000121,-0.000209,-0.000268,0.000405,-0.000017,-0.000512,0.111800,0.142700,0.155300,0.237300,0.046000,0.281600,0.034133,0.038931,0.057821,0.075263,0.014005,0.112727,0.1007,11.0000,0.3173,0.1605,1.2209,29.6366,
0138558,RfMRI_mx_645_rest_RPI,0.029,0.241,15.000,0.005,-0.000,0.255,1.025,0.066500,0.226100,0.036500,0.196700,0.070500,0.237700,0.000323,-0.000170,-0.000368,0.000194,-0.000121,-0.000849,0.290700,0.285600,0.223700,0.369000,0.150500,0.504300,0.091085,0.061458,0.104495,0.094149,0.058063,0.215562,0.0786,23.0000,0.2804,0.1348,2.5527,43.0372,
0160099,RfMRI_mx_645_rest_RPI,0.030,0.142,15.000,0.007,0.000,0.288,1.755,0.041000,0.086300,0.048100,0.161300,0.031900,0.278200,0.000412,0.001181,0.000401,-0.001177,0.000371,-0.000305,0.273800,0.608900,0.271200,0.693100,0.268700,0.366600,0.085530,0.284047,0.081885,0.285939,0.078931,0.086873,0.1355,187.0000,0.3681,0.2432,20.7547,30.2551,
0152968,RfMRI_mx_645_rest_RPI,0.074,0.290,286.000,0.004,-0.000,0.255,0.812,0.064500,0.128700,0.042000,0.275500,0.039500,0.169200,-0.000233,0.000288,0.000126,0.000357,-0.000082,-0.000362,0.161500,0.233200,0.110200,0.609100,0.080100,0.313500,0.042283,0.078963,0.034962,0.167519,0.016371,0.096880,0.1564,269.0000,0.3954,0.2696,29.8557,34.4089,
0163059,RfMRI_mx_645_rest_RPI,0.036,0.501,93.000,0.009,0.000,1.913,2.392,0.101800,1.355100,0.139800,0.543300,0.085000,0.380900,-0.000653,0.000719,-0.000134,-0.000085,-0.000378,-0.000536,0.321900,1.499200,0.192300,0.482100,0.190100,0.483900,0.181567,0.188084,0.052015,0.124349,0.106665,0.138019,0.1369,220.0000,0.3699,0.2934,24.4173,34.6245,
0113013,RfMRI_mx_645_rest_RPI,0.031,0.121,3.000,0.004,-0.001,0.232,1.414,0.098000,0.087400,0.049100,0.060200,0.048000,0.157800,0.000766,0.000325,0.000279,-0.000124,0.000289,-0.000255,0.613200,0.462000,0.205300,0.223700,0.252100,0.339100,0.233652,0.151817,0.080539,0.075412,0.087347,0.102732,0.0910,7.0000,0.3017,0.1512,0.7769,33.1773,
0139300,RfMRI_mx_645_rest_RPI,0.030,0.399,5.000,0.004,-0.002,0.781,3.454,0.077600,0.203800,0.074100,0.396900,0.047500,0.151000,-0.000669,-0.001416,-0.000030,0.001215,-0.000317,-0.000095,0.525300,1.158700,0.167800,1.286400,0.281500,0.183300,0.161622,0.355405,0.053181,0.230035,0.078433,0.058595,0.1197,17.0000,0.3459,0.1833,1.8868,29.6505,
0185676,RfMRI_mx_645_rest_RPI,0.057,0.339,132.000,0.008,0.001,0.747,2.499,0.112700,0.296500,0.064400,0.488200,0.091900,0.332500,0.000144,0.001506,-0.000304,-0.001679,0.000182,-0.000187,0.103100,0.872800,0.168000,0.995800,0.143000,0.393300,0.045966,0.372059,0.061845,0.428484,0.050015,0.059973,0.1472,175.0000,0.3837,0.2392,19.4229,34.9817,
0168489,RfMRI_mx_645_rest_RPI,0.046,0.281,99.000,0.008,-0.001,0.717,2.786,0.229500,0.239200,0.109800,0.327700,0.080700,0.315400,-0.001030,0.000821,-0.000450,0.001251,-0.000549,-0.000619,0.847300,0.827100,0.268300,1.007700,0.321700,0.676200,0.176366,0.183190,0.095716,0.295185,0.117124,0.142322,0.1445,237.0000,0.3801,0.2768,26.3041,32.1995,
0186277,RfMRI_mx_645_rest_RPI,0.068,0.248,220.000,0.009,-0.000,0.293,1.097,0.060300,0.120900,0.059500,0.307700,0.054600,0.248800,-0.000545,-0.000080,-0.000632,-0.000391,-0.000428,-0.000158,0.358700,0.140500,0.378500,0.513500,0.277300,0.252400,0.116483,0.043269,0.145401,0.186392,0.102161,0.068130,0.2168,502.0000,0.4656,0.3398,55.7159,35.5222,
0168413,RfMRI_mx_645_rest_RPI,0.055,0.311,144.000,0.010,0.000,0.465,0.764,0.036500,0.117300,0.037100,0.462800,0.058300,0.159300,-0.000225,0.000527,-0.000030,-0.000444,-0.000119,-0.000233,0.163400,0.336000,0.051200,0.394500,0.089300,0.261300,0.064038,0.116633,0.014187,0.123007,0.036116,0.054227,0.1427,230.0000,0.3778,0.2777,25.5272,36.3456,
0132850,RfMRI_mx_645_rest_RPI,0.015,0.084,0.000,0.008,-0.000,0.204,1.173,0.026900,0.102600,0.050000,0.093500,0.061800,0.082300,-0.000175,0.000712,-0.000103,-0.000298,-0.000184,-0.000311,0.133700,0.540200,0.142700,0.251400,0.221700,0.281000,0.038182,0.144670,0.023921,0.079093,0.052118,0.073967,0.0840,3.0000,0.2898,0.1346,0.3330,33.3698,
0150525,RfMRI_mx_645_rest_RPI,0.025,0.301,2.000,0.004,-0.000,0.497,2.048,0.030900,0.102900,0.055300,0.445500,0.023800,0.093700,-0.000063,0.001535,0.000110,-0.001459,-0.000019,-0.000403,0.082000,0.770500,0.126600,0.768800,0.022000,0.244500,0.025568,0.359260,0.053558,0.417966,0.004669,0.079431,0.0736,3.0000,0.2713,0.1212,0.3330,34.5422,
0136018,RfMRI_mx_645_rest_RPI,0.306,9.634,446.000,0.195,0.015,29.638,34.618,1.853700,15.044700,2.603400,9.383500,2.233000,3.391400,0.000899,0.005545,-0.003336,0.009244,-0.002458,-0.002413,1.824000,17.873700,5.117700,13.557100,3.353200,3.485000,0.606874,3.240813,0.783622,1.350235,0.367846,0.636369,1.3347,777.0000,1.1553,3.8965,86.2375,79.9598,
0188219,RfMRI_mx_645_rest_RPI,0.030,0.603,19.000,0.007,-0.000,1.262,1.574,0.053000,0.409500,0.052100,0.582900,0.061700,0.178300,0.000102,-0.000750,0.000240,0.000107,0.000201,-0.000061,0.162500,0.510500,0.147900,0.757900,0.158800,0.215700,0.063944,0.253031,0.083376,0.084111,0.078035,0.040300,0.1080,57.0000,0.3286,0.1997,6.3263,37.8811,
0113030,RfMRI_mx_645_rest_RPI,0.080,0.340,322.000,0.007,-0.001,0.449,1.387,0.083500,0.117000,0.056600,0.349000,0.081600,0.236700,0.000423,-0.000013,0.000485,0.000365,0.000400,-0.000665,0.269000,0.164900,0.248100,0.625300,0.312100,0.718300,0.122786,0.042172,0.116097,0.195658,0.143498,0.203685,0.1927,394.0000,0.4389,0.2926,43.7292,36.0737,
0186697,RfMRI_mx_645_rest_RPI,0.028,0.172,12.000,0.005,-0.002,0.253,2.352,0.034400,0.241200,0.050100,0.173200,0.027100,0.156000,0.000500,0.001005,-0.000122,0.001384,0.000151,-0.000361,0.270900,0.946900,0.287900,0.995400,0.122700,0.447500,0.097567,0.371675,0.147809,0.421187,0.045718,0.134633,0.0947,19.0000,0.3078,0.1569,2.1111,28.9733,
0166987,RfMRI_mx_645_rest_RPI,0.022,0.120,3.000,0.006,0.000,0.199,0.637,0.031500,0.074900,0.039900,0.129900,0.038400,0.109400,-0.000088,-0.000156,0.000033,0.000063,-0.000115,-0.000227,0.095500,0.283300,0.092600,0.214500,0.102200,0.145600,0.024565,0.044718,0.014013,0.050139,0.032742,0.055611,0.0952,8.0000,0.3085,0.1559,0.8879,34.6540,
0183457,RfMRI_mx_645_rest_RPI,0.039,0.275,23.000,0.004,-0.000,0.321,1.185,0.027500,0.306300,0.033000,0.218500,0.044300,0.288900,-0.000154,0.000652,-0.000239,-0.000548,-0.000147,-0.000733,0.085800,0.451400,0.125100,0.323100,0.083400,0.565000,0.036672,0.195286,0.063328,0.135293,0.034029,0.191674,0.1225,88.0000,0.3500,0.2068,9.7669,32.7688,
0196651,RfMRI_mx_645_rest_RPI,0.020,0.104,2.000,0.005,0.000,0.138,0.868,0.043800,0.074000,0.031300,0.142300,0.032000,0.102300,0.000462,0.000537,0.000025,-0.000346,0.000408,-0.000318,0.245400,0.298800,0.077600,0.306800,0.261100,0.246400,0.093662,0.123666,0.024339,0.074603,0.106539,0.080056,0.0941,24.0000,0.3067,0.1691,2.6637,29.7973,
0125762,RfMRI_mx_645_rest_RPI,0.026,0.159,6.000,0.007,-0.000,0.375,0.837,0.106700,0.176800,0.042000,0.158100,0.100400,0.116800,-0.000230,0.000406,-0.000076,0.000122,0.000065,-0.000321,0.367400,0.429900,0.146100,0.274100,0.164800,0.239000,0.057655,0.157322,0.025415,0.065630,0.068011,0.084594,0.1046,51.0000,0.3234,0.1842,5.6604,29.4332,
0166009,RfMRI_mx_645_rest_RPI,0.022,0.175,10.000,0.006,-0.000,0.447,0.852,0.313700,0.367100,0.095200,0.199700,0.090200,0.165200,-0.000211,-0.000070,-0.000138,-0.000290,-0.000232,-0.000324,0.292000,0.374200,0.157200,0.457000,0.157400,0.361700,0.055041,0.043986,0.042424,0.093647,0.068543,0.085094,0.0897,30.0000,0.2995,0.1688,3.3296,34.7482,
0130249,RfMRI_mx_645_rest_RPI,0.036,0.815,50.000,0.012,-0.001,1.788,2.731,0.104000,0.588400,0.196400,0.808800,0.122900,0.186800,0.000140,-0.001347,0.000092,-0.000308,0.000101,0.000260,0.138000,1.214700,0.242800,1.176600,0.136500,0.319000,0.042989,0.427125,0.045557,0.099920,0.037237,0.097672,0.1193,126.0000,0.3454,0.2684,13.9845,31.4979,
0165532,RfMRI_mx_645_rest_RPI,0.046,0.768,89.000,0.010,0.000,2.053,3.201,0.910600,0.833600,0.416200,1.051500,0.234000,0.416500,-0.000191,-0.001545,-0.000426,0.001126,-0.000124,0.000067,0.585600,1.357700,0.577200,1.069700,0.326000,0.634600,0.062589,0.452361,0.104121,0.218164,0.041114,0.089613,0.1429,163.0000,0.3780,0.2913,18.0910,29.2390,
0152189,RfMRI_mx_645_rest_RPI,0.053,0.190,123.000,0.007,-0.000,0.238,0.758,0.053000,0.141300,0.055300,0.194300,0.043800,0.158700,-0.000197,0.000292,0.000057,0.000207,-0.000084,-0.000679,0.105300,0.309300,0.079500,0.445600,0.050100,0.443800,0.043954,0.058409,0.028156,0.118556,0.013979,0.177439,0.1296,141.0000,0.3600,0.2291,15.6493,29.3882,
0123971,RfMRI_mx_645_rest_RPI,0.026,0.111,2.000,0.005,0.000,0.180,0.758,0.024100,0.155100,0.028500,0.130700,0.024400,0.110100,-0.000094,-0.000081,-0.000255,0.000451,-0.000088,-0.000509,0.083800,0.171500,0.154400,0.385800,0.060900,0.290000,0.030321,0.037211,0.071640,0.119001,0.017478,0.123307,0.0690,5.0000,0.2627,0.1063,0.5549,30.7656,
0198130,RfMRI_mx_645_rest_RPI,0.038,0.127,5.000,0.004,-0.001,0.193,1.261,0.029600,0.070700,0.032400,0.141200,0.023100,0.089300,0.000117,0.000532,-0.000011,-0.000589,0.000068,-0.000243,0.082300,0.454800,0.110400,0.535000,0.090600,0.211800,0.043912,0.181603,0.039809,0.217359,0.037274,0.050496,0.0915,2.0000,0.3025,0.1411,0.2220,31.3016,
0144702,RfMRI_mx_645_rest_RPI,0.015,0.104,1.000,0.003,-0.001,0.475,3.014,0.082800,0.249200,0.044800,0.105300,0.032100,0.264700,0.000379,0.002461,-0.000040,-0.000141,0.000030,-0.000468,0.250200,1.640100,0.057900,0.388300,0.071100,0.437600,0.081849,0.571400,0.021045,0.126780,0.025416,0.112970,0.0628,8.0000,0.2507,0.1251,0.8879,35.4358,
0133436,RfMRI_mx_645_rest_RPI,0.019,0.281,29.000,0.010,-0.001,2.333,3.427,0.336500,1.329100,0.187700,0.415500,0.156800,0.231200,-0.000255,0.000001,0.000349,-0.001343,-0.000095,0.000077,0.476800,1.601300,0.290700,1.030700,0.258400,0.325900,0.066361,0.121569,0.081429,0.352044,0.034984,0.044792,0.0998,84.0000,0.3158,0.2327,9.3230,42.9887,
0122844,RfMRI_mx_645_rest_RPI,0.027,0.100,0.000,0.011,0.000,0.239,0.973,0.034100,0.091700,0.031500,0.102500,0.043900,0.080500,0.000194,0.000477,-0.000009,-0.000774,0.000143,-0.000064,0.127100,0.312800,0.075100,0.445100,0.125200,0.128900,0.048771,0.097859,0.029958,0.182054,0.031337,0.041302,0.1063,32.0000,0.3260,0.1769,3.5516,26.7258,
0139480,RfMRI_mx_645_rest_RPI,0.011,0.110,1.000,0.004,-0.000,0.261,0.628,0.048700,0.059600,0.087900,0.133100,0.034300,0.063800,0.000108,-0.000096,-0.000276,0.000034,-0.000043,-0.000150,0.176600,0.112900,0.272600,0.165100,0.054300,0.104300,0.022730,0.019615,0.045339,0.034128,0.005701,0.032570,0.0574,3.0000,0.2396,0.0968,0.3330,30.1382,
0115454,RfMRI_mx_645_rest_RPI,0.016,0.097,0.000,0.005,0.000,0.132,0.648,0.082000,0.074300,0.048700,0.118900,0.066900,0.172800,0.000054,0.000046,0.000156,-0.000689,-0.000041,0.000030,0.113800,0.170100,0.110200,0.427100,0.158000,0.152800,0.025436,0.074628,0.042387,0.244077,0.032458,0.039920,0.0912,15.0000,0.3020,0.1450,1.6648,30.0967,
0127733,RfMRI_mx_645_rest_RPI,0.027,0.115,2.000,0.006,-0.000,0.159,1.061,0.029300,0.089600,0.028000,0.105400,0.030300,0.148700,0.000046,0.000605,0.000031,0.000756,-0.000044,-0.000232,0.091600,0.456000,0.080100,0.441600,0.063800,0.235700,0.025913,0.199018,0.025519,0.142048,0.021383,0.069460,0.0944,8.0000,0.3073,0.1559,0.8879,38.3495,
0179873,RfMRI_mx_645_rest_RPI,0.043,0.200,42.000,0.010,0.000,0.460,2.006,0.021300,0.163600,0.025000,0.251200,0.027200,0.143600,-0.000418,-0.001863,0.000039,0.000550,-0.000216,0.000229,0.221500,1.019200,0.057000,0.413300,0.172500,0.225300,0.087212,0.405180,0.015741,0.121655,0.048109,0.055792,0.1423,220.0000,0.3772,0.2469,24.4173,28.2768,
0132995,RfMRI_mx_645_rest_RPI,0.018,0.086,0.000,0.005,0.000,0.167,1.011,0.086700,0.112300,0.110200,0.093700,0.100600,0.107400,0.000105,-0.000639,0.000173,-0.000736,-0.000022,0.000353,0.160600,0.437600,0.274600,0.484600,0.231500,0.288200,0.056287,0.125536,0.102890,0.191322,0.070811,0.084917,0.0910,5.0000,0.3016,0.1406,0.5549,28.1748,
0155458,RfMRI_mx_645_rest_RPI,0.047,0.287,89.000,0.008,0.000,0.481,2.737,0.079400,0.226500,0.057700,0.355400,0.063900,0.270900,-0.000587,-0.002131,0.000069,0.001999,-0.000435,0.000619,0.424900,1.050800,0.202200,1.086900,0.302000,0.570200,0.126312,0.549859,0.055886,0.466013,0.079530,0.187064,0.1821,377.0000,0.4267,0.3119,41.8424,29.1471,
0159429,RfMRI_mx_645_rest_RPI,0.039,0.463,42.000,0.011,-0.002,1.637,4.008,0.388200,1.027100,0.303800,0.673300,0.259800,0.328800,-0.000273,0.002813,0.000293,0.001030,0.000014,-0.000570,0.687600,2.211700,0.352900,1.031300,0.321700,0.542100,0.135704,0.938532,0.105505,0.270731,0.066915,0.207383,0.1272,96.0000,0.3567,0.2408,10.6548,43.4570,
0105521,RfMRI_mx_645_rest_RPI,0.037,0.385,13.000,0.005,-0.001,0.501,2.057,0.066800,0.063300,0.094400,0.467100,0.030300,0.097200,-0.000006,0.000887,0.000288,0.000498,-0.000016,-0.001097,0.154200,0.481500,0.397700,1.106700,0.071600,0.677000,0.044932,0.224608,0.106313,0.180995,0.027782,0.261860,0.1007,14.0000,0.3174,0.1642,1.5538,35.2114,
0117168,RfMRI_mx_645_rest_RPI,0.061,0.434,176.000,0.017,-0.002,0.932,4.632,0.227100,0.609700,0.165500,0.428300,0.038200,0.257700,-0.000176,-0.003594,-0.000631,0.002091,-0.000287,-0.000623,0.185700,1.970700,0.446100,1.335500,0.179400,0.436700,0.060897,1.471364,0.269180,0.770180,0.129197,0.114848,0.1477,183.0000,0.3844,0.3059,20.3108,41.9866,
0144495,RfMRI_mx_645_rest_RPI,0.045,0.164,76.000,0.007,0.000,0.231,1.069,0.044300,0.070100,0.068200,0.135600,0.036200,0.256500,0.000353,0.000080,0.000989,0.000352,0.000587,-0.000192,0.283100,0.239800,0.528700,0.440300,0.346300,0.273800,0.063675,0.065050,0.155343,0.128379,0.075743,0.084684,0.1254,130.0000,0.3541,0.2178,14.4284,37.9827,
0162251,RfMRI_mx_645_rest_RPI,0.032,0.184,24.000,0.007,0.000,0.271,0.871,0.090700,0.127000,0.112000,0.159300,0.073900,0.228700,0.000017,-0.000130,0.000509,0.000071,0.000200,-0.000353,0.096400,0.332100,0.284400,0.281800,0.136600,0.363500,0.015782,0.141964,0.114510,0.099631,0.054754,0.098170,0.1124,73.0000,0.3352,0.1942,8.1021,39.2518,
0131127,RfMRI_mx_645_rest_RPI,0.026,0.131,7.000,0.006,0.000,0.181,1.041,0.085600,0.086800,0.062200,0.098700,0.078100,0.222300,-0.000054,-0.000520,-0.000130,-0.000221,0.000048,0.000134,0.141000,0.549400,0.216200,0.300000,0.128800,0.181200,0.023744,0.088139,0.046276,0.091180,0.016734,0.044772,0.0994,30.0000,0.3152,0.1646,3.3296,34.1864,
0152384,RfMRI_mx_645_rest_RPI,0.026,0.237,3.000,0.006,0.000,0.266,0.809,0.134900,0.092000,0.062800,0.316400,0.047200,0.146100,-0.000487,-0.000290,-0.000259,-0.000222,-0.000230,0.000285,0.282700,0.240900,0.176200,0.424000,0.123700,0.233400,0.152141,0.078981,0.057082,0.122571,0.061115,0.080205,0.0843,11.0000,0.2903,0.1406,1.2209,32.0439,
0135671,RfMRI_mx_645_rest_RPI,0.013,0.059,0.000,0.009,-0.001,0.192,1.443,0.028400,0.065400,0.027400,0.100600,0.028100,0.084400,0.000157,0.000919,0.000030,-0.000453,0.000051,-0.000690,0.163600,0.607900,0.115600,0.402000,0.129700,0.422400,0.058820,0.245256,0.032852,0.157941,0.052017,0.129688,0.0754,2.0000,0.2746,0.1225,0.2220,31.2886,
0119866,RfMRI_mx_645_rest_RPI,0.010,0.104,2.000,0.008,-0.001,0.341,1.771,0.028100,0.143600,0.078800,0.128400,0.041300,0.116500,-0.000212,0.001276,-0.000433,-0.000651,-0.000340,-0.000486,0.122800,0.799400,0.236400,0.386300,0.173500,0.389000,0.064711,0.318537,0.116792,0.178841,0.089924,0.121193,0.0677,8.0000,0.2602,0.1180,0.8879,52.6624,
0137496,RfMRI_mx_645_rest_RPI,0.018,0.083,0.000,0.010,-0.000,0.162,0.487,0.023200,0.090700,0.027000,0.087500,0.025400,0.047500,-0.000049,0.000220,0.000091,-0.000200,0.000033,-0.000157,0.054900,0.204100,0.088700,0.196700,0.061900,0.099400,0.019966,0.068399,0.022694,0.088825,0.015653,0.032945,0.0770,1.0000,0.2775,0.1287,0.1110,28.3601,
0185428,RfMRI_mx_645_rest_RPI,0.032,0.165,30.000,0.007,-0.000,0.209,0.881,0.045800,0.143200,0.054400,0.245600,0.024400,0.089300,0.000089,0.000314,0.000326,-0.000299,0.000148,-0.000430,0.177200,0.360100,0.317600,0.310500,0.187200,0.309600,0.069436,0.135643,0.165339,0.099606,0.088438,0.121351,0.1158,93.0000,0.3402,0.2060,10.3219,36.3215,
0137714,RfMRI_mx_645_rest_RPI,0.041,0.312,43.000,0.015,0.001,0.871,2.566,0.038400,0.352700,0.065900,0.362100,0.047900,0.219500,0.000423,-0.001579,0.000516,-0.000163,0.000392,-0.000033,0.231800,0.961900,0.271900,1.029900,0.212300,0.283000,0.081897,0.353133,0.133065,0.199123,0.109309,0.086233,0.1630,244.0000,0.4038,0.2532,27.0810,36.6178,
0146865,RfMRI_mx_645_rest_RPI,0.026,0.223,7.000,0.008,0.000,0.360,1.021,0.056000,0.173700,0.093400,0.235800,0.114200,0.226600,0.000054,0.000023,-0.000154,0.000479,-0.000201,0.000064,0.127400,0.437500,0.225600,0.356400,0.309600,0.192300,0.027258,0.124639,0.038383,0.061465,0.063709,0.047661,0.1377,117.0000,0.3711,0.2166,12.9856,26.9032,
0158411,RfMRI_mx_645_rest_RPI,0.020,0.117,4.000,0.006,-0.000,0.381,0.831,0.025800,0.217600,0.061800,0.187100,0.053400,0.078100,0.000099,-0.000046,-0.000134,0.000169,0.000053,-0.000252,0.076000,0.345900,0.115200,0.254800,0.065400,0.203100,0.025075,0.045149,0.026130,0.044611,0.022721,0.039590,0.0737,7.0000,0.2714,0.1130,0.7769,31.5712,
0133894,RfMRI_mx_645_rest_RPI,0.016,0.125,1.000,0.003,0.000,0.185,0.960,0.028500,0.057900,0.043700,0.129300,0.021600,0.062000,0.000257,0.000777,0.000052,-0.000405,0.000118,-0.000546,0.148500,0.407700,0.077100,0.235100,0.072300,0.321700,0.050050,0.165208,0.023597,0.084143,0.025223,0.111178,0.0553,3.0000,0.2352,0.0869,0.3330,32.9609,
0151580,RfMRI_mx_645_rest_RPI,0.026,0.387,20.000,0.008,0.000,0.658,1.190,0.062100,0.504000,0.099600,0.452400,0.059600,0.377100,0.000051,-0.000367,0.000109,-0.000120,0.000009,-0.000417,0.220200,0.474100,0.218800,0.699700,0.111600,0.358300,0.062154,0.093124,0.057650,0.085927,0.033849,0.098741,0.1090,66.0000,0.3302,0.2043,7.3252,38.6141,
0102157,RfMRI_mx_645_rest_RPI,0.026,0.099,0.000,0.008,-0.000,0.164,1.758,0.025600,0.066800,0.036500,0.140900,0.027000,0.154100,-0.000488,0.001529,-0.000182,-0.000274,-0.000192,-0.000191,0.248500,0.907800,0.157300,0.270800,0.138500,0.307700,0.081028,0.415307,0.062701,0.126800,0.047299,0.094863,0.1394,161.0000,0.3733,0.2184,17.8690,26.6352,
0180093,RfMRI_mx_645_rest_RPI,0.060,1.392,98.000,0.018,-0.000,2.809,4.523,0.391700,1.421100,0.411800,1.726300,0.468600,1.458800,0.000119,0.000524,0.000163,0.000957,0.000202,-0.001632,0.402200,2.278600,0.524800,1.479100,0.534300,1.750200,0.082491,0.275745,0.065921,0.259993,0.092490,0.364211,0.2240,202.0000,0.4733,0.5625,22.4195,39.3963,
0198357,RfMRI_mx_645_rest_RPI,0.118,0.549,437.000,0.019,0.000,2.106,5.002,0.517200,0.343700,1.191500,0.607200,0.499600,0.305800,0.000601,0.003787,0.000162,-0.002123,0.000551,-0.000868,0.852400,2.308700,1.760000,1.526600,0.966200,0.626000,0.184641,1.049552,0.231701,0.544516,0.199469,0.243139,0.3437,650.0000,0.5862,0.6363,72.1421,43.2039,
0198051,RfMRI_mx_645_rest_RPI,0.030,0.331,18.000,0.004,-0.000,0.506,1.014,0.043100,0.254600,0.060400,0.314300,0.059600,0.236700,0.000297,0.000237,-0.000329,0.000520,-0.000026,-0.000265,0.199300,0.269300,0.213900,0.612500,0.082600,0.306500,0.073511,0.099627,0.115606,0.176571,0.032449,0.058099,0.0903,32.0000,0.3004,0.1743,3.5516,33.5686,
0106780,RfMRI_mx_645_rest_RPI,0.018,0.097,0.000,0.005,0.001,0.431,3.150,0.127500,0.094600,0.244000,0.110800,0.107700,0.092000,-0.001100,0.001458,-0.001802,0.000261,-0.002133,-0.001795,0.598300,1.064400,1.076200,0.434800,1.043800,0.978900,0.205039,0.204793,0.371510,0.140771,0.443678,0.376345,0.0683,4.0000,0.2613,0.1229,0.4440,34.1178,
0132088,RfMRI_mx_645_rest_RPI,0.041,0.970,30.000,0.013,-0.001,1.002,2.307,0.129600,0.494800,0.214300,0.967400,0.138500,0.190500,0.000088,-0.001499,0.000222,0.000267,0.000041,-0.000287,0.185200,1.011300,0.306100,1.577600,0.190200,0.242300,0.017894,0.340634,0.073730,0.160105,0.014388,0.066367,0.1339,92.0000,0.3659,0.2485,10.2109,41.7806,
0156263,RfMRI_mx_645_rest_RPI,0.041,0.224,30.000,0.009,0.001,0.548,1.424,0.096600,0.359700,0.085000,0.265600,0.071900,0.260300,-0.000086,-0.000925,-0.000392,0.000738,-0.000488,-0.000463,0.123300,0.646100,0.258400,0.403700,0.290100,0.525300,0.027722,0.135705,0.129309,0.177842,0.156568,0.203281,0.1227,72.0000,0.3503,0.2163,7.9911,40.5184,
0168357,RfMRI_mx_645_rest_RPI,0.007,0.046,0.000,0.008,0.000,0.134,0.434,0.044800,0.093000,0.054000,0.062600,0.028100,0.084800,0.000294,-0.000055,0.000303,-0.000107,0.000168,-0.000040,0.156400,0.153800,0.165500,0.153600,0.090300,0.059800,0.068335,0.049674,0.060730,0.046108,0.037833,0.016162,0.0582,2.0000,0.2413,0.0887,0.2220,29.0035,
0173286,RfMRI_mx_645_rest_RPI,0.026,0.171,18.000,0.004,-0.000,0.211,0.863,0.040800,0.075000,0.068500,0.208500,0.069200,0.235300,0.000064,0.000069,-0.000631,-0.000634,-0.000230,0.000229,0.108300,0.161300,0.384900,0.470200,0.122400,0.224000,0.018983,0.037935,0.123020,0.163088,0.038632,0.061291,0.0996,23.0000,0.3156,0.1684,2.5527,26.6660,
0150716,RfMRI_mx_645_rest_RPI,0.073,4.200,112.000,0.021,-0.001,4.928,8.148,0.791500,2.802100,1.261800,2.959500,0.561700,3.300100,-0.000626,0.000340,-0.000116,0.001392,-0.000526,-0.001132,1.303100,4.133200,1.120500,4.912500,0.933200,4.640600,0.191895,0.732705,0.347604,0.997322,0.339954,0.385337,0.2489,230.0000,0.4989,0.6705,25.5272,43.4777,
0155419,RfMRI_mx_645_rest_RPI,0.020,0.112,1.000,0.005,0.000,0.256,2.278,0.063300,0.107300,0.034000,0.115700,0.022800,0.123900,-0.000404,0.001573,-0.000108,-0.001870,-0.000337,-0.001121,0.297900,0.776600,0.152700,0.982700,0.235900,0.547300,0.136241,0.392027,0.069882,0.441281,0.135514,0.242023,0.0789,9.0000,0.2810,0.1229,0.9989,36.6684,
0188939,RfMRI_mx_645_rest_RPI,0.035,0.296,59.000,0.011,-0.002,0.525,2.519,0.114600,0.322600,0.082500,0.330500,0.111900,0.151900,-0.000148,-0.001173,-0.000053,0.000713,-0.000139,0.000143,0.247100,0.998300,0.252200,0.911900,0.161500,0.244500,0.060673,0.308835,0.053717,0.293187,0.044896,0.069056,0.1306,144.0000,0.3614,0.2503,15.9822,36.6520,
0112249,RfMRI_mx_645_rest_RPI,0.012,0.116,1.000,0.012,-0.001,0.527,4.071,0.036400,0.308500,0.047300,0.078000,0.023900,0.153800,0.000078,0.003341,-0.000043,-0.001618,0.000176,-0.001021,0.177500,2.092400,0.158700,0.798500,0.124500,0.721900,0.063986,0.982910,0.071800,0.374155,0.044369,0.264848,0.0728,2.0000,0.2698,0.1193,0.2220,34.4361,
0132717,RfMRI_mx_645_rest_RPI,0.046,0.248,43.000,0.009,0.001,0.639,3.470,0.018900,0.346500,0.065700,0.352600,0.036400,0.399400,0.000253,0.001688,0.000047,-0.001324,0.000178,-0.001780,0.155800,1.280700,0.223000,1.257500,0.158000,1.134000,0.079398,0.681157,0.099205,0.734759,0.081743,0.654127,0.1840,379.0000,0.4290,0.2984,42.0644,30.4494,
0199620,RfMRI_mx_645_rest_RPI,0.020,0.218,1.000,0.007,-0.000,0.620,1.563,0.039100,0.202400,0.190100,0.207400,0.137000,0.107300,0.000027,0.000027,-0.000759,0.000015,-0.000502,-0.000184,0.077800,0.351500,0.680100,0.357700,0.476900,0.197600,0.028138,0.068857,0.146547,0.060361,0.093772,0.070630,0.1056,35.0000,0.3250,0.1855,3.8846,28.3957,
0137073,RfMRI_mx_645_rest_RPI,0.100,1.622,252.000,0.027,0.001,3.269,6.630,0.293900,1.873900,0.376900,1.760700,0.289600,0.584300,0.000628,0.000099,0.000775,0.002768,0.000519,-0.000866,0.626000,3.083200,0.801500,3.093300,0.472300,1.464500,0.194518,0.853536,0.208103,0.659149,0.161744,0.400335,0.3054,419.0000,0.5526,0.7362,46.5039,33.0999,
0134795,RfMRI_mx_645_rest_RPI,0.019,0.667,9.000,0.011,0.000,1.748,3.190,0.070900,0.686500,0.134300,0.823800,0.044300,0.202800,0.000132,0.001473,0.000689,0.000119,0.000384,-0.000966,0.126300,1.222200,0.379700,0.924500,0.198300,0.560000,0.052765,0.464369,0.130667,0.163560,0.097998,0.240033,0.0982,31.0000,0.3133,0.1891,3.4406,38.4805,
0126919,RfMRI_mx_645_rest_RPI,0.021,0.109,1.000,0.003,0.000,0.115,0.866,0.023800,0.077000,0.033200,0.125000,0.034700,0.114600,-0.000553,0.000491,-0.000133,-0.000383,-0.000344,-0.000374,0.272500,0.268400,0.092400,0.309300,0.204700,0.288900,0.147224,0.129762,0.026973,0.123287,0.090194,0.099835,0.0944,7.0000,0.3073,0.1490,0.7769,28.3723,
0165660,RfMRI_mx_645_rest_RPI,0.041,0.231,21.000,0.006,-0.000,0.256,1.226,0.042200,0.076200,0.061600,0.239500,0.035200,0.088600,-0.000109,-0.000924,0.000200,-0.000761,0.000072,0.000190,0.122100,0.586700,0.201900,0.612400,0.108800,0.179600,0.021898,0.264241,0.058566,0.119864,0.035488,0.065963,0.0989,17.0000,0.3144,0.1606,1.8868,22.6820,
0115824,RfMRI_mx_645_rest_RPI,0.029,0.175,14.000,0.009,-0.000,0.262,0.949,0.045600,0.098800,0.122100,0.175000,0.028500,0.251400,-0.000334,0.000362,-0.000565,-0.000282,-0.000477,-0.000319,0.194500,0.248600,0.505700,0.381700,0.235000,0.264300,0.055287,0.112543,0.141272,0.105269,0.120912,0.070259,0.1422,162.0000,0.3771,0.2235,17.9800,35.6249,
0116834,RfMRI_mx_645_rest_RPI,0.024,0.196,5.000,0.005,-0.000,0.259,0.763,0.026800,0.082200,0.076600,0.221200,0.026500,0.180500,0.000147,-0.000491,-0.000194,-0.000514,0.000003,-0.000153,0.105500,0.293600,0.103500,0.494900,0.062700,0.211100,0.034289,0.087991,0.054990,0.119568,0.011621,0.047288,0.1076,63.0000,0.3281,0.1928,6.9922,32.9526,
0153131,RfMRI_mx_645_rest_RPI,0.053,0.406,131.000,0.015,-0.001,0.736,1.756,0.063600,0.204400,0.087900,0.380400,0.059600,0.216800,0.000581,-0.000897,0.000537,-0.000316,0.000306,-0.000440,0.339000,0.898700,0.381300,0.439500,0.258700,0.456800,0.120916,0.292380,0.135511,0.122628,0.072566,0.123701,0.1912,351.0000,0.4373,0.3372,38.9567,42.5848,
0177330,RfMRI_mx_645_rest_RPI,0.063,0.501,178.000,0.021,-0.001,1.967,4.750,0.078400,1.286900,0.172900,0.564700,0.063400,0.557300,0.000073,0.001053,0.000268,0.000282,-0.000011,-0.000857,0.137900,2.741900,0.197200,0.536700,0.089300,0.884900,0.030582,0.580269,0.083746,0.124787,0.022937,0.253140,0.2158,386.0000,0.4645,0.4153,42.8413,41.0150,
0177857,RfMRI_mx_645_rest_RPI,0.056,0.197,147.000,0.004,0.000,0.234,0.974,0.064200,0.047400,0.024700,0.247800,0.020900,0.167300,-0.000125,0.000349,0.000093,-0.001014,-0.000025,-0.000373,0.186800,0.202300,0.111900,0.629800,0.047600,0.318300,0.034261,0.040206,0.020184,0.192298,0.017702,0.105288,0.1685,339.0000,0.4105,0.2841,37.6249,40.6329,
0187635,RfMRI_mx_645_rest_RPI,0.060,0.479,155.000,0.015,0.000,1.395,2.406,0.216200,0.635600,0.192100,0.517600,0.157400,0.256000,0.000152,0.001001,-0.000099,-0.001201,-0.000259,-0.000457,0.367900,1.066700,0.364200,0.896200,0.257600,0.417900,0.044564,0.213807,0.035255,0.272867,0.056754,0.119584,0.1962,271.0000,0.4430,0.3899,30.0777,29.8464,
0122512,RfMRI_mx_645_rest_RPI,0.014,0.103,1.000,0.011,-0.000,0.269,0.710,0.077700,0.165000,0.055000,0.134000,0.059000,0.199000,-0.000247,-0.000361,0.000248,-0.000553,-0.000275,-0.000001,0.237500,0.295700,0.134800,0.451000,0.227700,0.145000,0.047924,0.108993,0.055778,0.148639,0.054912,0.028030,0.0836,24.0000,0.2891,0.1502,2.6637,39.6422,
0158560,RfMRI_mx_645_rest_RPI,0.041,2.114,31.000,0.008,-0.002,3.517,4.597,0.307900,0.800900,0.359600,2.125100,0.294400,1.147700,-0.000442,-0.001549,-0.000847,0.001233,-0.000542,-0.000424,0.444800,1.260100,0.672300,2.524000,0.423900,0.789200,0.124616,0.406264,0.269035,0.424438,0.190099,0.127257,0.1450,87.0000,0.3808,0.3311,9.6559,27.2537,
0112347,RfMRI_mx_645_rest_RPI,0.020,0.089,0.000,0.007,-0.000,0.210,0.612,0.047100,0.073400,0.033900,0.095900,0.018700,0.110200,-0.000170,0.000438,0.000053,-0.000286,-0.000068,-0.000169,0.111400,0.285500,0.108700,0.247100,0.057700,0.142400,0.022667,0.127050,0.051625,0.048675,0.010071,0.049136,0.0680,3.0000,0.2608,0.1067,0.3330,35.2719,
0153114,RfMRI_mx_645_rest_RPI,0.026,0.344,27.000,0.009,0.002,1.412,3.147,0.341700,1.359800,0.416100,0.383400,0.192200,0.209500,-0.000385,-0.001617,0.000289,-0.000853,-0.000020,0.000131,0.543600,2.040600,0.562400,1.019800,0.194200,0.285100,0.191015,0.371867,0.109193,0.406411,0.059679,0.070405,0.1078,65.0000,0.3283,0.2196,7.2142,29.6164,
0154419,RfMRI_mx_645_rest_RPI,0.039,0.258,70.000,0.007,0.000,0.324,0.797,0.067600,0.248900,0.077000,0.295300,0.049000,0.120500,-0.000191,-0.000220,-0.000325,0.000230,-0.000259,-0.000007,0.214500,0.279600,0.202800,0.514400,0.185000,0.168700,0.084072,0.098946,0.113502,0.101787,0.087167,0.036230,0.1275,144.0000,0.3571,0.2304,15.9822,38.5408,
0109459,RfMRI_mx_645_rest_RPI,0.052,0.392,68.000,0.007,-0.000,1.420,2.283,0.086900,0.627700,0.103900,0.398100,0.048600,0.114800,0.000067,0.000283,0.000303,-0.001033,0.000187,-0.000226,0.123600,0.981100,0.281600,0.729600,0.152900,0.212200,0.030132,0.104086,0.100869,0.238026,0.044127,0.059050,0.1449,139.0000,0.3807,0.2332,15.4273,29.1329,
0148071,RfMRI_mx_645_rest_RPI,0.090,2.685,231.000,0.027,0.001,5.837,9.907,0.371100,2.669000,1.828000,3.407200,0.591500,0.438300,0.000281,-0.001278,0.000193,0.001578,0.000172,-0.000131,0.728100,4.901000,2.124500,5.615100,0.565800,0.704900,0.061110,0.334401,0.154142,0.303966,0.061654,0.044368,0.2332,303.0000,0.4829,0.5655,33.6293,39.6623,
0103872,RfMRI_mx_645_rest_RPI,0.051,0.976,68.000,0.012,-0.002,2.022,4.187,0.069600,0.863500,0.103700,0.978400,0.104900,0.169000,-0.000194,0.000681,0.000002,-0.004167,0.000503,-0.000608,0.130700,0.975500,0.198400,2.580500,0.335500,0.616700,0.037517,0.132559,0.086300,1.162296,0.181054,0.136811,0.1582,195.0000,0.3977,0.2841,21.6426,28.6005,
0174363,RfMRI_mx_645_rest_RPI,0.011,0.060,0.000,0.004,-0.000,0.157,0.404,0.020900,0.080300,0.030000,0.044800,0.016800,0.077600,-0.000055,0.000046,-0.000168,-0.000294,-0.000173,-0.000286,0.058700,0.155800,0.095500,0.180500,0.109700,0.165500,0.016539,0.019722,0.036841,0.085159,0.039855,0.049918,0.0567,1.0000,0.2382,0.0947,0.1110,31.4700,
0109819,RfMRI_mx_645_rest_RPI,0.057,0.208,96.000,0.011,0.000,0.572,2.359,0.084900,0.250900,0.090500,0.221400,0.053100,0.253000,-0.000085,0.001105,0.000891,-0.001761,0.000254,-0.000052,0.178900,0.674700,0.553400,1.128600,0.207000,0.260100,0.057183,0.232319,0.188623,0.381105,0.088043,0.082753,0.1527,200.0000,0.3908,0.2472,22.1976,35.6692,
0177681,RfMRI_mx_645_rest_RPI,0.060,0.306,190.000,0.010,-0.001,0.398,1.248,0.084900,0.254900,0.038700,0.290600,0.042500,0.174600,-0.000259,0.000691,0.000215,0.000131,0.000084,-0.000333,0.249100,0.732700,0.169000,0.388700,0.091500,0.326200,0.043567,0.159500,0.048727,0.117828,0.030951,0.103850,0.1598,276.0000,0.3998,0.2764,30.6326,36.5408,
0157873,RfMRI_mx_645_rest_RPI,0.020,0.229,11.000,0.007,-0.000,0.603,1.481,0.261500,0.294500,0.104400,0.296100,0.066200,0.233300,-0.000382,0.001124,0.000136,-0.000413,0.000137,-0.000678,0.363300,0.615300,0.251600,0.329600,0.168100,0.502400,0.103607,0.278265,0.062180,0.132970,0.040026,0.183095,0.0937,39.0000,0.3060,0.1767,4.3285,39.9473,
0116415,RfMRI_mx_645_rest_RPI,0.042,0.207,73.000,0.008,-0.000,0.218,1.091,0.057200,0.164700,0.061400,0.264800,0.058000,0.195200,0.000550,-0.000941,0.000307,-0.000468,0.000228,-0.000083,0.282900,0.499700,0.181300,0.345900,0.132900,0.182900,0.137935,0.156741,0.070184,0.108811,0.053820,0.035898,0.1410,213.0000,0.3755,0.2469,23.6404,35.3051,
0103645,RfMRI_mx_645_rest_RPI,0.141,0.514,486.000,0.012,-0.000,0.674,1.460,0.152800,0.160200,0.048000,0.753500,0.056400,0.259700,0.000137,-0.000353,-0.000310,0.000199,-0.000250,0.000238,0.334200,0.332000,0.340400,1.057500,0.187600,0.353100,0.051752,0.089928,0.093586,0.290294,0.079603,0.095445,0.3455,606.0000,0.5878,0.6497,67.2586,32.0609,
0105488,RfMRI_mx_645_rest_RPI,0.021,0.075,0.000,0.004,-0.000,0.096,0.497,0.026400,0.038200,0.013700,0.079600,0.046200,0.084200,-0.000094,0.000230,-0.000071,-0.000116,-0.000039,-0.000633,0.078400,0.171200,0.045100,0.135800,0.065400,0.414000,0.023344,0.066806,0.019946,0.036693,0.011081,0.143957,0.0725,1.0000,0.2692,0.1177,0.1110,28.2981,
0114232,RfMRI_mx_645_rest_RPI,0.046,0.180,94.000,0.004,-0.000,0.164,0.845,0.028000,0.073300,0.023800,0.104900,0.052000,0.165000,-0.000114,0.000158,-0.000405,0.000313,-0.000253,-0.000473,0.078200,0.160300,0.231000,0.348100,0.131300,0.470100,0.040715,0.054924,0.114641,0.096531,0.070090,0.153988,0.1010,48.0000,0.3177,0.1847,5.3274,28.0385,
0123429,RfMRI_mx_645_rest_RPI,0.024,0.131,2.000,0.008,0.001,0.287,1.685,0.025000,0.155600,0.030900,0.135700,0.018400,0.128100,0.000134,0.001201,0.000675,-0.000350,0.000436,-0.000463,0.099600,0.782500,0.406300,0.303600,0.219500,0.338900,0.034881,0.230967,0.151953,0.093266,0.098946,0.104964,0.1290,93.0000,0.3592,0.2067,10.3219,27.5180,
0136416,RfMRI_mx_645_rest_RPI,0.046,0.221,14.000,0.008,-0.001,0.445,4.445,0.047600,0.317400,0.044700,0.083400,0.059300,0.252500,-0.000219,-0.003629,-0.000115,0.000293,-0.000193,-0.001031,0.129700,2.548200,0.107400,0.242500,0.115200,0.668900,0.073412,1.448989,0.031081,0.089542,0.069662,0.302655,0.1066,35.0000,0.3265,0.1797,3.8846,37.6035,
0144667,RfMRI_mx_645_rest_RPI,0.016,0.098,0.000,0.006,-0.000,0.180,0.937,0.031000,0.066900,0.058900,0.090900,0.043500,0.135700,-0.000026,-0.000250,-0.000026,0.000189,-0.000066,-0.000528,0.042600,0.298500,0.112300,0.351000,0.044000,0.415900,0.008830,0.045271,0.017358,0.063253,0.015414,0.105275,0.0557,3.0000,0.2360,0.0880,0.3330,33.9064,
0146714,RfMRI_mx_645_rest_RPI,0.026,0.200,9.000,0.006,0.000,0.289,1.182,0.029200,0.085900,0.022000,0.251600,0.031000,0.086800,-0.000091,-0.000269,0.000119,-0.000164,-0.000052,-0.000342,0.099000,0.535200,0.104700,0.341500,0.102300,0.244900,0.018478,0.097099,0.025307,0.055619,0.016136,0.081519,0.1066,25.0000,0.3264,0.1707,2.7747,32.2163,
0149794,RfMRI_mx_645_rest_RPI,0.024,0.074,0.000,0.006,0.000,0.105,0.767,0.024800,0.088400,0.032700,0.076100,0.021100,0.071800,-0.000265,-0.000678,0.000040,-0.000205,-0.000037,0.000685,0.153900,0.436700,0.093100,0.232800,0.075300,0.352700,0.098812,0.119448,0.033656,0.124264,0.031473,0.142323,0.0741,2.0000,0.2723,0.1256,0.2220,27.4343,
0161513,RfMRI_mx_645_rest_RPI,0.050,0.815,81.000,0.024,0.003,2.974,7.134,0.578400,1.584200,0.417600,1.224600,0.180400,0.449300,-0.000307,-0.001331,0.000157,0.002526,-0.000255,-0.000488,0.679000,2.985500,0.565700,2.252800,0.264200,0.609700,0.112914,0.716628,0.146627,0.717218,0.080224,0.173805,0.2034,326.0000,0.4510,0.4343,36.1820,38.1450,
0162902,RfMRI_mx_645_rest_RPI,0.022,0.108,1.000,0.004,-0.000,0.183,0.724,0.031600,0.102000,0.041400,0.122100,0.025100,0.131200,0.000360,0.000121,0.000063,0.000319,0.000357,-0.000221,0.220900,0.156400,0.113100,0.296600,0.182500,0.316600,0.082548,0.051452,0.027247,0.063947,0.076397,0.070694,0.0825,3.0000,0.2873,0.1338,0.3330,31.9785,
0164900,RfMRI_mx_645_rest_RPI,0.082,0.741,283.000,0.024,-0.002,1.753,5.367,0.220900,1.190300,0.246400,0.725900,0.174700,0.629700,0.000069,0.001163,-0.000281,-0.000023,-0.000093,-0.000565,0.245300,3.080900,0.586600,1.139600,0.294500,1.328000,0.064223,0.754518,0.143996,0.161487,0.079361,0.257200,0.2931,617.0000,0.5414,0.5347,68.4795,37.4738,
0194023,RfMRI_mx_645_rest_RPI,0.042,0.269,36.000,0.005,-0.001,0.392,1.480,0.077300,0.244100,0.043900,0.375600,0.100700,0.541200,0.000042,0.000856,0.000134,0.000211,0.000143,-0.000106,0.149500,0.627000,0.160700,0.540100,0.147800,0.469800,0.051468,0.223594,0.045610,0.167608,0.034794,0.083500,0.1253,76.0000,0.3540,0.2260,8.4351,37.5588,
0113044,RfMRI_mx_645_rest,0.042,0.449,64.000,0.010,-0.002,0.972,2.453,0.073700,0.625500,0.179300,0.636100,0.163600,0.397200,0.000216,0.001019,0.000029,-0.000056,0.000001,-0.000861,0.202900,1.113100,0.469500,0.865800,0.287200,0.575500,0.058137,0.371466,0.050342,0.262341,0.021849,0.160988,0.1485,167.0000,0.3853,0.2818,18.5350,34.1289,
0150404,RfMRI_mx_645_rest,0.036,0.138,19.000,0.006,-0.000,0.222,0.554,0.045000,0.075400,0.032100,0.176300,0.057100,0.187900,-0.000023,-0.000075,-0.000060,-0.000213,-0.000055,-0.000488,0.059500,0.173100,0.061100,0.229800,0.058700,0.372800,0.016375,0.044363,0.013505,0.054054,0.014204,0.104224,0.0941,22.0000,0.3068,0.1564,2.4417,30.8804,
0161530,RfMRI_mx_645_rest,0.055,0.924,101.000,0.008,0.001,1.007,3.016,0.164600,0.299800,0.121000,0.914100,0.130100,0.238900,-0.000738,-0.000061,-0.000907,0.001209,-0.000586,-0.000232,0.404300,0.622700,0.449000,2.010600,0.348900,0.431000,0.188829,0.148016,0.226905,0.411064,0.158207,0.073283,0.1660,211.0000,0.4074,0.3147,23.4184,32.8107,
0163228,RfMRI_mx_645_rest,0.033,0.151,7.000,0.009,0.002,0.770,3.950,0.189400,0.444900,0.069000,0.197200,0.162000,0.240600,0.000434,0.002530,0.001668,-0.001492,0.000958,-0.000450,0.278500,1.794000,0.932000,1.025100,0.540000,0.265500,0.079245,0.680909,0.420100,0.427977,0.212672,0.076609,0.1101,56.0000,0.3319,0.1967,6.2153,32.9254,
0142673,RfMRI_mx_645_rest,0.021,0.160,8.000,0.006,-0.000,0.335,1.229,0.062900,0.179400,0.064900,0.232600,0.062900,0.198700,-0.000390,-0.000114,0.000106,-0.000040,0.000057,-0.000153,0.296800,0.507400,0.220200,0.415000,0.154300,0.210500,0.126487,0.108031,0.065299,0.147231,0.027525,0.057663,0.0959,35.0000,0.3098,0.1689,3.8846,31.0891,
0164093,RfMRI_mx_645_rest,0.129,1.322,440.000,0.030,0.000,4.033,6.951,0.152100,1.805800,0.270300,1.612600,0.120000,0.837900,0.000090,0.000066,0.000741,-0.000653,0.000323,-0.000672,0.260700,2.858900,0.605900,2.397700,0.170400,1.255700,0.055705,0.564883,0.223622,0.432374,0.054896,0.242014,0.3466,633.0000,0.5887,0.7090,70.2553,42.6836,
0166094,RfMRI_mx_645_rest,0.045,0.318,93.000,0.007,-0.000,1.794,2.273,0.066700,1.291200,0.157400,0.374400,0.064900,0.295500,-0.000188,0.000753,-0.000155,0.000082,-0.000143,-0.000817,0.138000,1.230400,0.184000,0.595400,0.099300,0.542000,0.054549,0.170547,0.027909,0.143267,0.030577,0.181631,0.1260,157.0000,0.3549,0.2658,17.4251,32.0011,
0163508,RfMRI_mx_645_rest,0.020,0.246,10.000,0.008,-0.001,0.756,2.614,0.108100,0.325400,0.108900,0.238600,0.054300,0.287300,0.000251,0.001395,-0.000102,-0.001203,-0.000056,-0.000866,0.195100,1.126600,0.335000,0.818100,0.185300,0.524700,0.022315,0.463353,0.104110,0.296509,0.069806,0.201717,0.0874,31.0000,0.2956,0.1708,3.4406,31.1750,
0164385,RfMRI_mx_645_rest,0.035,0.590,42.000,0.008,-0.002,0.897,2.822,0.124300,0.561300,0.171300,0.715400,0.202300,0.215800,0.000089,-0.002303,0.000429,0.000328,0.000152,-0.000191,0.138100,1.713600,0.419100,1.010800,0.262500,0.314000,0.029076,0.444891,0.102680,0.207314,0.052670,0.087225,0.1073,72.0000,0.3276,0.2312,7.9911,37.5188,
0171391,RfMRI_mx_645_rest,0.025,0.119,3.000,0.005,0.000,0.258,0.937,0.021400,0.085800,0.019600,0.123500,0.019700,0.135000,-0.000164,-0.000200,0.000125,0.000348,-0.000091,-0.000059,0.131000,0.382500,0.085700,0.316000,0.150700,0.156000,0.034096,0.074657,0.031603,0.069532,0.027393,0.049425,0.0933,17.0000,0.3054,0.1638,1.8868,25.5130,
0173358,RfMRI_mx_645_rest,0.054,0.155,100.000,0.007,-0.000,0.239,0.789,0.041000,0.117600,0.044800,0.161900,0.039600,0.082200,0.000377,0.000449,-0.000074,-0.000266,0.000145,-0.000114,0.206700,0.307900,0.121000,0.395200,0.161200,0.147400,0.069842,0.097253,0.022100,0.160908,0.051183,0.035874,0.1268,94.0000,0.3561,0.1990,10.4329,33.9484,
0181535,RfMRI_mx_645_rest,0.027,1.661,22.000,0.013,-0.001,2.103,2.793,0.104100,0.752200,0.161300,1.515700,0.085000,0.689300,0.000964,-0.000479,0.001021,0.000428,0.000821,-0.000904,0.575400,1.137300,0.582300,1.731100,0.479000,0.751400,0.246921,0.175377,0.193485,0.125335,0.188746,0.195499,0.1296,104.0000,0.3600,0.2582,11.5427,33.2833,
0186067,RfMRI_mx_645_rest,0.026,0.335,7.000,0.009,-0.000,0.665,1.575,0.097800,0.415800,0.074400,0.384300,0.105800,0.159000,0.000039,0.001240,0.000163,-0.000447,0.000054,-0.000601,0.184600,0.830400,0.191200,0.529000,0.132000,0.357700,0.039973,0.323235,0.041459,0.134134,0.030343,0.164348,0.0977,16.0000,0.3126,0.1666,1.7758,36.9355,
0181960,RfMRI_mx_645_rest,0.027,0.188,31.000,0.008,-0.001,0.433,1.944,0.061200,0.363200,0.079500,0.203600,0.118300,0.167400,0.000030,-0.001676,0.001082,0.000519,0.000401,-0.000097,0.125700,0.942300,0.578700,0.347200,0.196000,0.195000,0.030036,0.525058,0.305873,0.092987,0.095213,0.049999,0.1168,89.0000,0.3418,0.2087,9.8779,29.9269,
0132049,RfMRI_mx_645_rest,0.020,0.186,5.000,0.007,0.001,0.433,2.713,0.174200,0.274900,0.242700,0.205100,0.184500,0.169200,-0.000067,-0.002133,0.000827,-0.000928,0.000423,-0.000049,0.327200,1.287800,0.660400,0.739900,0.409700,0.179300,0.137287,0.565827,0.212210,0.190557,0.156252,0.053580,0.0955,39.0000,0.3091,0.1741,4.3285,31.7443,2.7348,
0120818,RfMRI_mx_645_rest,0.026,0.103,2.000,0.005,-0.000,0.176,0.779,0.034200,0.056900,0.029600,0.123000,0.030600,0.109900,-0.000493,0.000269,0.000340,-0.000084,-0.000265,-0.000164,0.296700,0.177700,0.164700,0.282100,0.157900,0.133500,0.095086,0.068526,0.088920,0.102846,0.050918,0.030641,0.0859,3.0000,0.2930,0.1422,0.3330,28.8453,2.4366,
0141860,RfMRI_mx_645_rest,0.029,0.466,5.000,0.005,-0.000,0.744,1.387,0.051700,0.178200,0.047200,0.483200,0.041600,0.249300,0.000097,0.000609,0.000136,0.000257,0.000198,-0.000402,0.093500,0.375600,0.091900,0.796000,0.132600,0.358400,0.024118,0.125525,0.028610,0.087573,0.046483,0.102514,0.0750,7.0000,0.2739,0.1189,0.7769,26.8387,2.3346,
0121400,RfMRI_mx_645_rest,0.032,0.252,3.000,0.005,-0.000,0.307,1.334,0.029000,0.046600,0.020500,0.250200,0.016700,0.150000,-0.000087,-0.000707,-0.000222,-0.001274,-0.000016,-0.000424,0.064900,0.426400,0.195700,0.693400,0.036400,0.297400,0.014729,0.206585,0.052507,0.294056,0.011531,0.115948,0.1176,95.0000,0.3430,0.1986,10.5438,32.0827,3.9124,
0124714,RfMRI_mx_645_rest,0.084,1.747,259.000,0.016,-0.000,2.540,6.203,0.151100,1.257100,0.267600,1.660800,0.134000,0.611300,0.000151,-0.003515,0.000103,0.003549,0.000054,0.000064,0.350500,2.127400,0.546100,2.925100,0.398600,0.897600,0.107173,1.142508,0.114640,1.337449,0.096083,0.086221,0.2093,326.0000,0.4575,0.4120,36.1820,32.1762,5.7074,
0139437,RfMRI_mx_645_rest,0.026,0.184,8.000,0.004,-0.000,0.317,1.578,0.068400,0.298500,0.099000,0.204700,0.049200,0.242100,0.000581,-0.000307,-0.000271,0.001311,0.000176,-0.000181,0.459000,0.709000,0.207200,0.927100,0.231700,0.367500,0.129039,0.095707,0.075759,0.220502,0.071041,0.089770,0.0724,19.0000,0.2691,0.1302,2.1088,27.6875,2.2417,
0130678,RfMRI_mx_645_rest,0.021,0.135,2.000,0.004,-0.000,0.153,0.633,0.026600,0.080200,0.032900,0.178100,0.043900,0.174300,0.000100,0.000390,0.000216,-0.000479,0.000206,-0.000377,0.089400,0.218400,0.115700,0.308800,0.114000,0.249900,0.030314,0.053426,0.066091,0.114459,0.056692,0.055463,0.0693,6.0000,0.2633,0.1179,0.6659,30.2868,2.0416,
0143484,RfMRI_mx_645_rest,0.049,0.610,85.000,0.009,0.000,2.519,3.755,0.109500,1.189600,0.079500,0.779500,0.096600,0.342200,0.000398,-0.000313,0.000131,0.000149,0.000018,-0.001046,0.219700,1.693400,0.184000,1.112300,0.110100,0.614200,0.088158,0.334566,0.040003,0.131675,0.027051,0.204991,0.1227,102.0000,0.3503,0.2509,11.3208,32.3795,3.6632,
0120859,RfMRI_mx_645_rest,0.026,0.110,2.000,0.009,0.008,0.948,9.694,0.019400,0.596800,0.050300,0.101500,0.019400,0.181700,-0.000094,-0.007372,-0.000481,0.001904,-0.000141,0.001031,0.082600,5.460100,0.277100,0.949900,0.098500,1.027400,0.037166,0.888186,0.108010,0.392895,0.043949,0.116029,0.0916,36.0000,0.3027,0.1640,3.9956,33.3058,2.6639,
0112536,RfMRI_mx_645_rest,0.060,0.361,187.000,0.010,-0.001,0.430,2.955,0.047200,0.132600,0.055100,0.425100,0.070300,0.239500,-0.000379,0.002800,0.000005,0.000480,0.000016,-0.001941,0.244000,1.370400,0.152000,0.662100,0.116800,1.033700,0.093307,0.637147,0.037254,0.222622,0.041916,0.389095,0.1716,323.0000,0.4143,0.3733,35.8491,35.8149,5.8474,
0160872,RfMRI_mx_645_rest,0.016,0.125,3.000,0.005,-0.000,0.185,1.163,0.017500,0.097700,0.023100,0.085700,0.016700,0.171700,-0.000015,0.000944,0.000154,-0.000364,0.000167,-0.000415,0.027700,0.559600,0.112900,0.249600,0.092400,0.295400,0.006709,0.184153,0.034983,0.118658,0.034812,0.078569,0.0832,6.0000,0.2885,0.1517,0.6659,25.5091,2.7108,
0130424,RfMRI_mx_645_rest,0.028,0.104,1.000,0.009,-0.000,0.374,1.165,0.032900,0.144700,0.044000,0.189500,0.038900,0.136600,-0.000056,0.000749,-0.000083,-0.000324,-0.000009,-0.000719,0.096100,0.565100,0.067700,0.300400,0.045400,0.460700,0.024712,0.156797,0.025650,0.097856,0.011161,0.139370,0.1331,178.0000,0.3648,0.2292,19.7558,33.3679,4.1358,
0134505,RfMRI_mx_645_rest,0.031,0.302,10.000,0.010,-0.000,0.402,1.132,0.028800,0.269500,0.104200,0.484600,0.062400,0.115900,0.000081,0.000090,0.000198,-0.001431,0.000200,-0.000175,0.084900,0.292200,0.188900,0.799700,0.190800,0.150800,0.022790,0.058016,0.073308,0.382790,0.041309,0.034850,0.1083,38.0000,0.3290,0.1809,4.2175,37.7842,2.8658,
0150062,RfMRI_mx_645_rest,0.043,0.179,51.000,0.005,-0.000,0.265,1.048,0.048400,0.065800,0.023700,0.142800,0.041800,0.224200,0.000505,0.000778,0.000298,0.000132,0.000526,-0.000746,0.239800,0.417800,0.242600,0.246600,0.262600,0.438500,0.098039,0.169664,0.088367,0.079313,0.118417,0.142621,0.1378,227.0000,0.3712,0.2356,25.1942,36.1304,5.0057,
0138497,RfMRI_mx_645_rest,0.052,0.449,116.000,0.007,-0.001,2.376,3.169,0.182600,1.279400,0.119400,0.681300,0.113900,0.353700,0.000172,0.000417,0.000237,-0.000640,0.000167,-0.000054,0.327600,1.448900,0.273800,0.589300,0.166900,0.577700,0.102932,0.215959,0.035353,0.183288,0.030464,0.094805,0.1525,207.0000,0.3906,0.2838,22.9745,35.9356,4.9200,
0127665,RfMRI_mx_645_rest,0.022,0.155,6.000,0.012,0.000,0.457,1.676,0.086000,0.321600,0.071500,0.170700,0.055600,0.164000,-0.000717,-0.000221,-0.000420,0.000141,-0.000591,-0.000856,0.385700,0.439400,0.228000,0.674600,0.311700,0.493200,0.158793,0.145280,0.099821,0.250533,0.125695,0.238137,0.0887,23.0000,0.2979,0.1514,2.5527,33.9956,1.7114,
0135591,RfMRI_mx_645_rest,0.037,0.190,22.000,0.007,-0.000,0.624,1.164,0.159800,0.266200,0.102300,0.162200,0.123400,0.218400,0.000273,0.000140,-0.000156,-0.000331,0.000230,-0.000918,0.231700,0.463000,0.233200,0.339000,0.185100,0.610000,0.062657,0.045916,0.038708,0.088150,0.055287,0.211088,0.1027,46.0000,0.3205,0.1729,5.1054,30.9230,2.7232,
0115684,RfMRI_mx_645_rest,0.034,0.118,20.000,0.005,-0.000,0.326,0.661,0.025400,0.139600,0.031400,0.112000,0.031200,0.211500,0.000110,0.000096,0.000156,0.000217,0.000248,-0.000357,0.097600,0.288000,0.103300,0.243400,0.137000,0.289300,0.022857,0.043344,0.045165,0.053103,0.043019,0.086616,0.0881,7.0000,0.2969,0.1439,0.7769,31.3808,2.8416,
0133646,RfMRI_mx_645_rest,0.016,0.091,0.000,0.008,-0.000,0.244,0.891,0.038300,0.141400,0.034000,0.134800,0.035000,0.130800,-0.000221,0.000640,-0.000272,0.000147,-0.000236,-0.000610,0.132300,0.355100,0.164200,0.262200,0.147000,0.397400,0.060275,0.109689,0.071356,0.058881,0.072732,0.100003,0.0684,6.0000,0.2616,0.1145,0.6659,27.0043,1.5585,
0125107,RfMRI_mx_645_rest,0.051,0.184,149.000,0.005,-0.000,0.221,0.558,0.023400,0.043700,0.042100,0.129500,0.026600,0.230200,-0.000074,-0.000052,-0.000185,0.000207,-0.000154,-0.000500,0.076400,0.148700,0.160400,0.192400,0.122600,0.301900,0.016433,0.044103,0.042381,0.054056,0.031224,0.084990,0.1334,258.0000,0.3653,0.2480,28.6349,39.6205,4.3964,
0119351,RfMRI_mx_645_rest,0.015,0.107,1.000,0.006,-0.000,0.179,1.106,0.046500,0.102700,0.040600,0.098900,0.027300,0.157200,0.000157,-0.000990,0.000285,-0.000073,0.000108,-0.000579,0.108500,0.518600,0.161100,0.181900,0.065800,0.314300,0.038713,0.251885,0.089685,0.062281,0.031930,0.104801,0.0666,3.0000,0.2581,0.1137,0.3330,32.7117,1.5829,
0127784,RfMRI_mx_645_rest,0.035,0.153,24.000,0.003,-0.001,0.217,2.076,0.026100,0.152700,0.036300,0.180800,0.024200,0.154900,-0.000353,-0.001768,-0.000181,0.000622,0.000026,-0.000159,0.190600,0.965300,0.168800,0.501100,0.041200,0.247300,0.090544,0.513306,0.088318,0.229683,0.008398,0.070341,0.1011,35.0000,0.3179,0.1723,3.8846,28.6274,3.5267,
0117964,RfMRI_mx_645_rest,0.019,0.454,9.000,0.009,-0.000,0.534,2.401,0.034700,0.188900,0.060900,0.324700,0.027500,0.336900,-0.000647,0.001888,-0.000367,-0.000970,-0.000484,-0.002205,0.293400,0.896800,0.189000,0.724100,0.265100,1.073400,0.144350,0.487125,0.060029,0.260581,0.096520,0.480973,0.0976,37.0000,0.3124,0.1723,4.1065,35.1608,2.7518,
0117902,RfMRI_mx_645_rest,0.015,0.123,1.000,0.005,0.000,0.313,0.753,0.068600,0.229300,0.054700,0.176200,0.109900,0.095200,0.000064,0.000300,-0.000215,-0.000213,-0.000024,-0.000478,0.096500,0.274600,0.175100,0.285600,0.146500,0.288300,0.029402,0.068660,0.065781,0.073724,0.021243,0.094210,0.0711,8.0000,0.2667,0.1180,0.8879,32.3103,1.9229,
0123048,RfMRI_mx_645_rest,0.045,0.342,77.000,0.004,-0.000,0.691,1.303,0.060900,0.244600,0.102700,0.364700,0.030200,0.183400,-0.000227,-0.000107,0.000376,0.000093,-0.000008,-0.000492,0.145600,0.408500,0.285400,0.651600,0.055800,0.276700,0.055147,0.083505,0.078967,0.114360,0.013037,0.087702,0.1119,61.0000,0.3345,0.2009,6.7703,29.9220,3.8651,
0108184,RfMRI_mx_645_rest,0.034,0.181,56.000,0.012,-0.003,0.600,4.270,0.132000,0.401100,0.126400,0.289400,0.145400,0.308700,-0.000136,-0.002508,0.001705,-0.001527,0.000724,-0.000630,0.190500,1.788600,1.282600,0.956900,0.561000,0.557400,0.052082,0.630710,0.397381,0.417136,0.187864,0.175608,0.1368,175.0000,0.3698,0.2682,19.4229,35.4130,3.5334,
0114008,RfMRI_mx_645_rest,0.030,0.130,6.000,0.004,-0.000,0.151,1.096,0.022300,0.071900,0.035300,0.129100,0.020200,0.089800,-0.000166,0.000288,-0.000518,-0.001028,-0.000382,-0.000222,0.097300,0.281100,0.321500,0.674100,0.246500,0.193300,0.036336,0.042772,0.128114,0.352441,0.098592,0.035114,0.0749,0.0000,0.2736,0.1221,0.0000,28.8392,2.2894,
0158726,RfMRI_mx_645_rest,0.020,0.117,2.000,0.004,0.000,0.240,0.748,0.173500,0.163700,0.071300,0.223700,0.084600,0.073200,-0.000298,-0.000396,0.000107,0.000194,0.000101,-0.000429,0.212300,0.257500,0.332900,0.217500,0.213700,0.223000,0.060497,0.062028,0.055202,0.046454,0.035033,0.070818,0.0669,8.0000,0.2586,0.1128,0.8879,38.7499,2.0139,
0126369,RfMRI_mx_645_rest,0.039,0.251,2.000,0.002,-0.000,0.258,0.438,0.029400,0.043400,0.012000,0.041200,0.010000,0.253600,0.000076,0.000060,-0.000049,-0.000293,-0.000075,-0.000307,0.056600,0.111200,0.036700,0.188600,0.039700,0.315100,0.027280,0.039591,0.012600,0.083640,0.011804,0.141062,0.0732,1.0000,0.2705,0.1150,0.1110,31.6432,2.7636,
0123116,RfMRI_mx_645_rest,0.086,0.362,300.000,0.007,-0.001,0.507,2.358,0.066900,0.200200,0.064900,0.503400,0.060700,0.145400,0.000427,-0.001037,-0.000121,0.000924,0.000185,-0.000509,0.290100,0.833900,0.123300,0.727100,0.156700,0.268100,0.125298,0.403197,0.038586,0.265458,0.066187,0.094088,0.1762,309.0000,0.4197,0.3529,34.2952,37.0557,6.7916,
0142609,RfMRI_mx_645_rest,0.024,0.118,2.000,0.004,0.001,0.124,1.683,0.013800,0.048100,0.027100,0.112000,0.017400,0.120200,-0.000253,0.001325,0.000200,-0.000805,0.000124,-0.000775,0.128800,0.733500,0.124700,0.505700,0.099900,0.393500,0.076186,0.341008,0.046447,0.219028,0.035955,0.144894,0.0889,4.0000,0.2981,0.1459,0.4440,30.9353,2.8797,
0170636,RfMRI_mx_645_rest,0.055,0.346,116.000,0.006,0.001,0.471,2.484,0.039500,0.161100,0.079200,0.202700,0.109400,0.391400,-0.000061,-0.000675,-0.000256,0.002368,-0.000136,-0.000488,0.087100,0.763100,0.145900,1.342900,0.122000,0.469400,0.021121,0.218138,0.068315,0.661518,0.030322,0.124319,0.1164,79.0000,0.3412,0.2046,8.7680,34.7911,3.8679,
0169571,RfMRI_mx_645_rest,0.064,0.192,179.000,0.011,-0.002,0.530,2.588,0.070600,0.441400,0.104100,0.133200,0.036700,0.300200,-0.000167,-0.001489,0.000123,0.000265,-0.000013,-0.000271,0.118500,1.503600,0.205000,0.278800,0.052500,0.218300,0.052938,0.367729,0.063358,0.057999,0.010516,0.092456,0.1959,436.0000,0.4426,0.2970,48.3907,31.9435,6.8932,
0168007,RfMRI_mx_645_rest,0.044,0.131,19.000,0.011,-0.000,0.261,1.153,0.031500,0.091000,0.019900,0.147600,0.031800,0.092100,0.000140,0.000643,0.000176,-0.000847,0.000141,-0.000420,0.111800,0.399000,0.114400,0.516800,0.105700,0.261200,0.037364,0.138711,0.035218,0.197113,0.034959,0.077732,0.1115,40.0000,0.3339,0.1799,4.4395,37.5596,3.0560,
0167693,RfMRI_mx_645_rest,0.042,0.125,16.000,0.004,0.000,0.117,1.086,0.029700,0.052400,0.019500,0.063200,0.022900,0.220300,0.000534,0.000208,-0.000067,-0.000554,0.000066,-0.000818,0.449600,0.210300,0.175200,0.331700,0.270000,0.518300,0.099338,0.065476,0.058550,0.171947,0.090712,0.196818,0.1054,9.0000,0.3247,0.1637,0.9989,29.0137,4.0569,
0166731,RfMRI_mx_645_rest,0.020,0.088,0.000,0.009,-0.002,0.237,2.594,0.086000,0.139200,0.072100,0.147100,0.040400,0.100200,0.001297,0.000943,0.000865,-0.000326,0.000809,-0.001304,0.957400,0.679000,0.657100,0.328600,0.520700,0.736400,0.217311,0.189457,0.222786,0.079637,0.188842,0.232871,0.0930,18.0000,0.3049,0.1527,1.9978,36.5633,2.0801,
0187884,RfMRI_mx_645_rest,0.028,0.253,11.000,0.004,-0.001,0.764,1.432,0.031000,0.304900,0.061700,0.264400,0.030700,0.211300,0.000018,0.000448,0.000020,-0.000423,0.000174,0.000009,0.047500,0.482500,0.065600,0.477100,0.092800,0.168800,0.010290,0.197776,0.020834,0.165994,0.034996,0.039667,0.0885,36.0000,0.2975,0.1644,3.9956,26.2523,2.8542,
0184446,RfMRI_mx_645_rest,0.017,0.075,0.000,0.004,-0.000,0.187,0.775,0.027500,0.089400,0.017700,0.082500,0.016900,0.096100,-0.000087,-0.000502,0.000030,-0.000257,-0.000016,-0.000329,0.147300,0.296500,0.078200,0.341800,0.105400,0.240800,0.041485,0.107764,0.023379,0.084625,0.029960,0.049951,0.0610,1.0000,0.2469,0.1085,0.1110,38.3995,1.7407,
0178964,RfMRI_mx_645_rest,0.025,0.190,9.000,0.006,0.001,0.376,1.706,0.071900,0.201300,0.043700,0.190800,0.037400,0.159400,-0.000323,-0.000643,-0.000205,0.000118,-0.000140,-0.000433,0.261300,0.926800,0.208200,0.351400,0.123400,0.253700,0.045097,0.192120,0.035040,0.077251,0.022783,0.077458,0.0768,26.0000,0.2772,0.1397,2.8857,31.7326,2.2056,
0176479,RfMRI_mx_645_rest,0.025,0.082,0.000,0.004,-0.000,0.288,0.733,0.033900,0.247900,0.025700,0.115700,0.096600,0.084900,0.000182,0.000213,0.000008,-0.000287,-0.000118,-0.000819,0.127100,0.252300,0.035700,0.289400,0.098200,0.450600,0.055799,0.135341,0.009090,0.113483,0.025224,0.173410,0.0641,2.0000,0.2532,0.0993,0.2220,30.4844,1.9616,
0172228,RfMRI_mx_645_rest,0.023,0.321,8.000,0.007,-0.000,0.409,1.315,0.054600,0.148600,0.046500,0.305700,0.048600,0.095900,-0.000134,0.000494,-0.000460,0.000346,-0.000123,-0.000951,0.111500,0.310700,0.269200,0.755700,0.104800,0.533000,0.055392,0.122948,0.099682,0.099448,0.042896,0.180262,0.0644,9.0000,0.2538,0.1176,0.9989,28.2267,1.6569,
0196198,RfMRI_mx_645_rest,0.016,0.168,2.000,0.005,0.002,0.497,3.037,0.042700,0.444000,0.028300,0.246200,0.033700,0.148200,0.000130,0.001731,0.000084,-0.001488,-0.000002,-0.000852,0.097000,1.238200,0.096100,0.969700,0.069000,0.422400,0.031649,0.479693,0.029786,0.418316,0.027100,0.182126,0.0828,16.0000,0.2878,0.1580,1.7758,33.1063,2.1276,
